row,col,x,y,z
1,1,30.005,60.995,109.595
1,2,30.015,60.995,110.208
1,3,30.025,60.995,110.54
1,4,30.035,60.995,110.524
1,5,30.045,60.995,110.164
1,6,30.055,60.995,109.533
1,7,30.065,60.995,108.758
1,8,30.075,60.995,107.997
1,9,30.085,60.995,107.406
1,10,30.095,60.995,107.103
1,11,30.105,60.995,107.151
1,12,30.115,60.995,107.539
1,13,30.125,60.995,108.19
1,14,30.135,60.995,108.97
1,15,30.145,60.995,109.722
1,16,30.155,60.995,110.292
1,17,30.165,60.995,110.566
1,18,30.175,60.995,110.487
1,19,30.185,60.995,110.072
1,20,30.195,60.995,109.404
1,21,30.205,60.995,108.62
1,22,30.215,60.995,107.879
1,23,30.225,60.995,107.331
1,24,30.235,60.995,107.088
1,25,30.245,60.995,107.199
1,26,30.255,60.995,107.641
1,27,30.265,60.995,108.325
1,28,30.275,60.995,109.112
1,29,30.285,60.995,109.842
1,30,30.295,60.995,110.367
1,31,30.305,60.995,110.581
1,32,30.315,60.995,110.439
1,33,30.325,60.995,109.971
1,34,30.335,60.995,109.272
1,35,30.345,60.995,108.484
1,36,30.355,60.995,107.766
1,37,30.365,60.995,107.266
1,38,30.375,60.995,107.084
1,39,30.385,60.995,107.257
1,40,30.395,60.995,107.751
1,41,30.405,60.995,108.464
1,42,30.415,60.995,109.253
1,43,30.425,60.995,109.957
1,44,30.435,60.995,110.433
1,45,30.445,60.995,110.584
1,46,30.455,60.995,110.38
1,47,30.465,60.995,109.863
1,48,30.475,60.995,109.137
1,49,30.485,60.995,108.349
1,50,30.495,60.995,107.661
1,51,30.505,60.995,107.211
1,52,30.515,60.995,107.091
1,53,30.525,60.995,107.326
1,54,30.535,60.995,107.867
1,55,30.545,60.995,108.605
1,56,30.555,60.995,109.391
1,57,30.565,60.995,110.063
1,58,30.575,60.995,110.487
1,59,30.585,60.995,110.576
1,60,30.595,60.995,110.312
1,61,30.605,60.995,109.748
1,62,30.615,60.995,109.0
1,63,30.625,60.995,108.218
1,64,30.635,60.995,107.563
1,65,30.645,60.995,107.167
1,66,30.655,60.995,107.11
1,67,30.665,60.995,107.404
1,68,30.675,60.995,107.99
1,69,30.685,60.995,108.748
1,70,30.695,60.995,109.525
1,71,30.705,60.995,110.162
1,72,30.715,60.995,110.531
1,73,30.725,60.995,110.557
1,74,30.735,60.995,110.234
1,75,30.745,60.995,109.628
1,76,30.755,60.995,108.862
1,77,30.765,60.995,108.091
1,78,30.775,60.995,107.473
1,79,30.785,60.995,107.133
1,80,30.795,60.995,107.14
1,81,30.805,60.995,107.492
1,82,30.815,60.995,108.118
1,83,30.825,60.995,108.891
1,84,30.835,60.995,109.654
1,85,30.845,60.995,110.253
1,86,30.855,60.995,110.564
1,87,30.865,60.995,110.527
1,88,30.875,60.995,110.147
1,89,30.885,60.995,109.502
1,90,30.895,60.995,108.724
1,91,30.905,60.995,107.969
1,92,30.915,60.995,107.393
1,93,30.925,60.995,107.111
1,94,30.935,60.995,107.18
1,95,30.945,60.995,107.588
1,96,30.955,60.995,108.251
1,97,30.965,60.995,109.034
1,98,30.975,60.995,109.779
1,99,30.985,60.995,110.334
1,100,30.995,60.995,110.586
2,1,30.005,60.985,109.421
2,2,30.015,60.985,110.033
2,3,30.025,60.985,110.365
2,4,30.035,60.985,110.35
2,5,30.045,60.985,109.989
2,6,30.055,60.985,109.358
2,7,30.065,60.985,108.583
2,8,30.075,60.985,107.823
2,9,30.085,60.985,107.231
2,10,30.095,60.985,106.928
2,11,30.105,60.985,106.976
2,12,30.115,60.985,107.365
2,13,30.125,60.985,108.015
2,14,30.135,60.985,108.795
2,15,30.145,60.985,109.547
2,16,30.155,60.985,110.118
2,17,30.165,60.985,110.391
2,18,30.175,60.985,110.312
2,19,30.185,60.985,109.897
2,20,30.195,60.985,109.229
2,21,30.205,60.985,108.445
2,22,30.215,60.985,107.704
2,23,30.225,60.985,107.156
2,24,30.235,60.985,106.913
2,25,30.245,60.985,107.024
2,26,30.255,60.985,107.466
2,27,30.265,60.985,108.151
2,28,30.275,60.985,108.938
2,29,30.285,60.985,109.668
2,30,30.295,60.985,110.193
2,31,30.305,60.985,110.406
2,32,30.315,60.985,110.264
2,33,30.325,60.985,109.796
2,34,30.335,60.985,109.097
2,35,30.345,60.985,108.309
2,36,30.355,60.985,107.592
2,37,30.365,60.985,107.091
2,38,30.375,60.985,106.909
2,39,30.385,60.985,107.082
2,40,30.395,60.985,107.576
2,41,30.405,60.985,108.289
2,42,30.415,60.985,109.078
2,43,30.425,60.985,109.782
2,44,30.435,60.985,110.258
2,45,30.445,60.985,110.409
2,46,30.455,60.985,110.206
2,47,30.465,60.985,109.688
2,48,30.475,60.985,108.962
2,49,30.485,60.985,108.175
2,50,30.495,60.985,107.486
2,51,30.505,60.985,107.036
2,52,30.515,60.985,106.916
2,53,30.525,60.985,107.151
2,54,30.535,60.985,107.692
2,55,30.545,60.985,108.431
2,56,30.555,60.985,109.216
2,57,30.565,60.985,109.889
2,58,30.575,60.985,110.313
2,59,30.585,60.985,110.401
2,60,30.595,60.985,110.137
2,61,30.605,60.985,109.574
2,62,30.615,60.985,108.825
2,63,30.625,60.985,108.044
2,64,30.635,60.985,107.388
2,65,30.645,60.985,106.992
2,66,30.655,60.985,106.935
2,67,30.665,60.985,107.229
2,68,30.675,60.985,107.815
2,69,30.685,60.985,108.573
2,70,30.695,60.985,109.35
2,71,30.705,60.985,109.988
2,72,30.715,60.985,110.357
2,73,30.725,60.985,110.382
2,74,30.735,60.985,110.059
2,75,30.745,60.985,109.453
2,76,30.755,60.985,108.687
2,77,30.765,60.985,107.917
2,78,30.775,60.985,107.299
2,79,30.785,60.985,106.958
2,80,30.795,60.985,106.965
2,81,30.805,60.985,107.317
2,82,30.815,60.985,107.943
2,83,30.825,60.985,108.716
2,84,30.835,60.985,109.48
2,85,30.845,60.985,110.078
2,86,30.855,60.985,110.39
2,87,30.865,60.985,110.352
2,88,30.875,60.985,109.972
2,89,30.885,60.985,109.327
2,90,30.895,60.985,108.549
2,91,30.905,60.985,107.795
2,92,30.915,60.985,107.218
2,93,30.925,60.985,106.936
2,94,30.935,60.985,107.006
2,95,30.945,60.985,107.413
2,96,30.955,60.985,108.076
2,97,30.965,60.985,108.859
2,98,30.975,60.985,109.604
2,99,30.985,60.985,110.159
2,100,30.995,60.985,110.412
3,1,30.005,60.975,109.156
3,2,30.015,60.975,109.769
3,3,30.025,60.975,110.101
3,4,30.035,60.975,110.085
3,5,30.045,60.975,109.725
3,6,30.055,60.975,109.093
3,7,30.065,60.975,108.318
3,8,30.075,60.975,107.558
3,9,30.085,60.975,106.966
3,10,30.095,60.975,106.664
3,11,30.105,60.975,106.711
3,12,30.115,60.975,107.1
3,13,30.125,60.975,107.75
3,14,30.135,60.975,108.531
3,15,30.145,60.975,109.282
3,16,30.155,60.975,109.853
3,17,30.165,60.975,110.127
3,18,30.175,60.975,110.048
3,19,30.185,60.975,109.632
3,20,30.195,60.975,108.965
3,21,30.205,60.975,108.181
3,22,30.215,60.975,107.439
3,23,30.225,60.975,106.892
3,24,30.235,60.975,106.648
3,25,30.245,60.975,106.759
3,26,30.255,60.975,107.202
3,27,30.265,60.975,107.886
3,28,30.275,60.975,108.673
3,29,30.285,60.975,109.403
3,30,30.295,60.975,109.928
3,31,30.305,60.975,110.141
3,32,30.315,60.975,109.999
3,33,30.325,60.975,109.531
3,34,30.335,60.975,108.832
3,35,30.345,60.975,108.044
3,36,30.355,60.975,107.327
3,37,30.365,60.975,106.827
3,38,30.375,60.975,106.644
3,39,30.385,60.975,106.818
3,40,30.395,60.975,107.311
3,41,30.405,60.975,108.025
3,42,30.415,60.975,108.813
3,43,30.425,60.975,109.517
3,44,30.435,60.975,109.993
3,45,30.445,60.975,110.145
3,46,30.455,60.975,109.941
3,47,30.465,60.975,109.423
3,48,30.475,60.975,108.697
3,49,30.485,60.975,107.91
3,50,30.495,60.975,107.222
3,51,30.505,60.975,106.772
3,52,30.515,60.975,106.652
3,53,30.525,60.975,106.886
3,54,30.535,60.975,107.428
3,55,30.545,60.975,108.166
3,56,30.555,60.975,108.951
3,57,30.565,60.975,109.624
3,58,30.575,60.975,110.048
3,59,30.585,60.975,110.137
3,60,30.595,60.975,109.872
3,61,30.605,60.975,109.309
3,62,30.615,60.975,108.56
3,63,30.625,60.975,107.779
3,64,30.635,60.975,107.124
3,65,30.645,60.975,106.727
3,66,30.655,60.975,106.67
3,67,30.665,60.975,106.965
3,68,30.675,60.975,107.55
3,69,30.685,60.975,108.308
3,70,30.695,60.975,109.085
3,71,30.705,60.975,109.723
3,72,30.715,60.975,110.092
3,73,30.725,60.975,110.117
3,74,30.735,60.975,109.794
3,75,30.745,60.975,109.188
3,76,30.755,60.975,108.422
3,77,30.765,60.975,107.652
3,78,30.775,60.975,107.034
3,79,30.785,60.975,106.694
3,80,30.795,60.975,106.7
3,81,30.805,60.975,107.052
3,82,30.815,60.975,107.679
3,83,30.825,60.975,108.452
3,84,30.835,60.975,109.215
3,85,30.845,60.975,109.813
3,86,30.855,60.975,110.125
3,87,30.865,60.975,110.087
3,88,30.875,60.975,109.707
3,89,30.885,60.975,109.063
3,90,30.895,60.975,108.284
3,91,30.905,60.975,107.53
3,92,30.915,60.975,106.953
3,93,30.925,60.975,106.671
3,94,30.935,60.975,106.741
3,95,30.945,60.975,107.149
3,96,30.955,60.975,107.811
3,97,30.965,60.975,108.595
3,98,30.975,60.975,109.339
3,99,30.985,60.975,109.894
3,100,30.995,60.975,110.147
4,1,30.005,60.965,108.837
4,2,30.015,60.965,109.45
4,3,30.025,60.965,109.782
4,4,30.035,60.965,109.766
4,5,30.045,60.965,109.406
4,6,30.055,60.965,108.774
4,7,30.065,60.965,107.999
4,8,30.075,60.965,107.239
4,9,30.085,60.965,106.647
4,10,30.095,60.965,106.345
4,11,30.105,60.965,106.392
4,12,30.115,60.965,106.781
4,13,30.125,60.965,107.431
4,14,30.135,60.965,108.212
4,15,30.145,60.965,108.964
4,16,30.155,60.965,109.534
4,17,30.165,60.965,109.808
4,18,30.175,60.965,109.729
4,19,30.185,60.965,109.313
4,20,30.195,60.965,108.646
4,21,30.205,60.965,107.862
4,22,30.215,60.965,107.121
4,23,30.225,60.965,106.573
4,24,30.235,60.965,106.329
4,25,30.245,60.965,106.44
4,26,30.255,60.965,106.883
4,27,30.265,60.965,107.567
4,28,30.275,60.965,108.354
4,29,30.285,60.965,109.084
4,30,30.295,60.965,109.609
4,31,30.305,60.965,109.822
4,32,30.315,60.965,109.681
4,33,30.325,60.965,109.213
4,34,30.335,60.965,108.513
4,35,30.345,60.965,107.725
4,36,30.355,60.965,107.008
4,37,30.365,60.965,106.508
4,38,30.375,60.965,106.325
4,39,30.385,60.965,106.499
4,40,30.395,60.965,106.992
4,41,30.405,60.965,107.706
4,42,30.415,60.965,108.494
4,43,30.425,60.965,109.198
4,44,30.435,60.965,109.674
4,45,30.445,60.965,109.826
4,46,30.455,60.965,109.622
4,47,30.465,60.965,109.105
4,48,30.475,60.965,108.378
4,49,30.485,60.965,107.591
4,50,30.495,60.965,106.903
4,51,30.505,60.965,106.453
4,52,30.515,60.965,106.333
4,53,30.525,60.965,106.567
4,54,30.535,60.965,107.109
4,55,30.545,60.965,107.847
4,56,30.555,60.965,108.632
4,57,30.565,60.965,109.305
4,58,30.575,60.965,109.729
4,59,30.585,60.965,109.818
4,60,30.595,60.965,109.553
4,61,30.605,60.965,108.99
4,62,30.615,60.965,108.241
4,63,30.625,60.965,107.46
4,64,30.635,60.965,106.805
4,65,30.645,60.965,106.408
4,66,30.655,60.965,106.351
4,67,30.665,60.965,106.646
4,68,30.675,60.965,107.231
4,69,30.685,60.965,107.99
4,70,30.695,60.965,108.766
4,71,30.705,60.965,109.404
4,72,30.715,60.965,109.773
4,73,30.725,60.965,109.799
4,74,30.735,60.965,109.475
4,75,30.745,60.965,108.869
4,76,30.755,60.965,108.103
4,77,30.765,60.965,107.333
4,78,30.775,60.965,106.715
4,79,30.785,60.965,106.375
4,80,30.795,60.965,106.381
4,81,30.805,60.965,106.733
4,82,30.815,60.965,107.36
4,83,30.825,60.965,108.133
4,84,30.835,60.965,108.896
4,85,30.845,60.965,109.494
4,86,30.855,60.965,109.806
4,87,30.865,60.965,109.768
4,88,30.875,60.965,109.388
4,89,30.885,60.965,108.744
4,90,30.895,60.965,107.965
4,91,30.905,60.965,107.211
4,92,30.915,60.965,106.634
4,93,30.925,60.965,106.352
4,94,30.935,60.965,106.422
4,95,30.945,60.965,106.83
4,96,30.955,60.965,107.493
4,97,30.965,60.965,108.276
4,98,30.975,60.965,109.02
4,99,30.985,60.965,109.576
4,100,30.995,60.965,109.828
5,1,30.005,60.955,108.507
5,2,30.015,60.955,109.12
5,3,30.025,60.955,109.452
5,4,30.035,60.955,109.436
5,5,30.045,60.955,109.076
5,6,30.055,60.955,108.444
5,7,30.065,60.955,107.67
5,8,30.075,60.955,106.909
5,9,30.085,60.955,106.318
5,10,30.095,60.955,106.015
5,11,30.105,60.955,106.063
5,12,30.115,60.955,106.451
5,13,30.125,60.955,107.102
5,14,30.135,60.955,107.882
5,15,30.145,60.955,108.634
5,16,30.155,60.955,109.204
5,17,30.165,60.955,109.478
5,18,30.175,60.955,109.399
5,19,30.185,60.955,108.983
5,20,30.195,60.955,108.316
5,21,30.205,60.955,107.532
5,22,30.215,60.955,106.791
5,23,30.225,60.955,106.243
5,24,30.235,60.955,106.0
5,25,30.245,60.955,106.111
5,26,30.255,60.955,106.553
5,27,30.265,60.955,107.237
5,28,30.275,60.955,108.024
5,29,30.285,60.955,108.754
5,30,30.295,60.955,109.279
5,31,30.305,60.955,109.493
5,32,30.315,60.955,109.351
5,33,30.325,60.955,108.883
5,34,30.335,60.955,108.184
5,35,30.345,60.955,107.396
5,36,30.355,60.955,106.678
5,37,30.365,60.955,106.178
5,38,30.375,60.955,105.996
5,39,30.385,60.955,106.169
5,40,30.395,60.955,106.662
5,41,30.405,60.955,107.376
5,42,30.415,60.955,108.165
5,43,30.425,60.955,108.868
5,44,30.435,60.955,109.344
5,45,30.445,60.955,109.496
5,46,30.455,60.955,109.292
5,47,30.465,60.955,108.775
5,48,30.475,60.955,108.049
5,49,30.485,60.955,107.261
5,50,30.495,60.955,106.573
5,51,30.505,60.955,106.123
5,52,30.515,60.955,106.003
5,53,30.525,60.955,106.238
5,54,30.535,60.955,106.779
5,55,30.545,60.955,107.517
5,56,30.555,60.955,108.302
5,57,30.565,60.955,108.975
5,58,30.575,60.955,109.399
5,59,30.585,60.955,109.488
5,60,30.595,60.955,109.224
5,61,30.605,60.955,108.66
5,62,30.615,60.955,107.912
5,63,30.625,60.955,107.13
5,64,30.635,60.955,106.475
5,65,30.645,60.955,106.079
5,66,30.655,60.955,106.022
5,67,30.665,60.955,106.316
5,68,30.675,60.955,106.902
5,69,30.685,60.955,107.66
5,70,30.695,60.955,108.437
5,71,30.705,60.955,109.074
5,72,30.715,60.955,109.443
5,73,30.725,60.955,109.469
5,74,30.735,60.955,109.146
5,75,30.745,60.955,108.54
5,76,30.755,60.955,107.774
5,77,30.765,60.955,107.003
5,78,30.775,60.955,106.385
5,79,30.785,60.955,106.045
5,80,30.795,60.955,106.051
5,81,30.805,60.955,106.404
5,82,30.815,60.955,107.03
5,83,30.825,60.955,107.803
5,84,30.835,60.955,108.566
5,85,30.845,60.955,109.165
5,86,30.855,60.955,109.476
5,87,30.865,60.955,109.438
5,88,30.875,60.955,109.059
5,89,30.885,60.955,108.414
5,90,30.895,60.955,107.635
5,91,30.905,60.955,106.881
5,92,30.915,60.955,106.304
5,93,30.925,60.955,106.022
5,94,30.935,60.955,106.092
5,95,30.945,60.955,106.5
5,96,30.955,60.955,107.163
5,97,30.965,60.955,107.946
5,98,30.975,60.955,108.691
5,99,30.985,60.955,109.246
5,100,30.995,60.955,109.498
6,1,30.005,60.945,108.211
6,2,30.015,60.945,108.824
6,3,30.025,60.945,109.156
6,4,30.035,60.945,109.14
6,5,30.045,60.945,108.78
6,6,30.055,60.945,108.148
6,7,30.065,60.945,107.374
6,8,30.075,60.945,106.613
6,9,30.085,60.945,106.022
6,10,30.095,60.945,105.719
6,11,30.105,60.945,105.767
6,12,30.115,60.945,106.155
6,13,30.125,60.945,106.806
6,14,30.135,60.945,107.586
6,15,30.145,60.945,108.338
6,16,30.155,60.945,108.908
6,17,30.165,60.945,109.182
6,18,30.175,60.945,109.103
6,19,30.185,60.945,108.687
6,20,30.195,60.945,108.02
6,21,30.205,60.945,107.236
6,22,30.215,60.945,106.495
6,23,30.225,60.945,105.947
6,24,30.235,60.945,105.704
6,25,30.245,60.945,105.815
6,26,30.255,60.945,106.257
6,27,30.265,60.945,106.941
6,28,30.275,60.945,107.728
6,29,30.285,60.945,108.458
6,30,30.295,60.945,108.983
6,31,30.305,60.945,109.197
6,32,30.315,60.945,109.055
6,33,30.325,60.945,108.587
6,34,30.335,60.945,107.888
6,35,30.345,60.945,107.1
6,36,30.355,60.945,106.382
6,37,30.365,60.945,105.882
6,38,30.375,60.945,105.7
6,39,30.385,60.945,105.873
6,40,30.395,60.945,106.366
6,41,30.405,60.945,107.08
6,42,30.415,60.945,107.869
6,43,30.425,60.945,108.573
6,44,30.435,60.945,109.048
6,45,30.445,60.945,109.2
6,46,30.455,60.945,108.996
6,47,30.465,60.945,108.479
6,48,30.475,60.945,107.753
6,49,30.485,60.945,106.965
6,50,30.495,60.945,106.277
6,51,30.505,60.945,105.827
6,52,30.515,60.945,105.707
6,53,30.525,60.945,105.942
6,54,30.535,60.945,106.483
6,55,30.545,60.945,107.221
6,56,30.555,60.945,108.006
6,57,30.565,60.945,108.679
6,58,30.575,60.945,109.103
6,59,30.585,60.945,109.192
6,60,30.595,60.945,108.928
6,61,30.605,60.945,108.364
6,62,30.615,60.945,107.616
6,63,30.625,60.945,106.834
6,64,30.635,60.945,106.179
6,65,30.645,60.945,105.783
6,66,30.655,60.945,105.726
6,67,30.665,60.945,106.02
6,68,30.675,60.945,106.606
6,69,30.685,60.945,107.364
6,70,30.695,60.945,108.141
6,71,30.705,60.945,108.778
6,72,30.715,60.945,109.147
6,73,30.725,60.945,109.173
6,74,30.735,60.945,108.85
6,75,30.745,60.945,108.244
6,76,30.755,60.945,107.478
6,77,30.765,60.945,106.707
6,78,30.775,60.945,106.089
6,79,30.785,60.945,105.749
6,80,30.795,60.945,105.756
6,81,30.805,60.945,106.108
6,82,30.815,60.945,106.734
6,83,30.825,60.945,107.507
6,84,30.835,60.945,108.27
6,85,30.845,60.945,108.869
6,86,30.855,60.945,109.18
6,87,30.865,60.945,109.143
6,88,30.875,60.945,108.763
6,89,30.885,60.945,108.118
6,90,30.895,60.945,107.339
6,91,30.905,60.945,106.585
6,92,30.915,60.945,106.009
6,93,30.925,60.945,105.726
6,94,30.935,60.945,105.796
6,95,30.945,60.945,106.204
6,96,30.955,60.945,106.867
6,97,30.965,60.945,107.65
6,98,30.975,60.945,108.395
6,99,30.985,60.945,108.95
6,100,30.995,60.945,109.202
7,1,30.005,60.935,107.989
7,2,30.015,60.935,108.602
7,3,30.025,60.935,108.934
7,4,30.035,60.935,108.918
7,5,30.045,60.935,108.558
7,6,30.055,60.935,107.927
7,7,30.065,60.935,107.152
7,8,30.075,60.935,106.391
7,9,30.085,60.935,105.8
7,10,30.095,60.935,105.497
7,11,30.105,60.935,105.545
7,12,30.115,60.935,105.933
7,13,30.125,60.935,106.584
7,14,30.135,60.935,107.364
7,15,30.145,60.935,108.116
7,16,30.155,60.935,108.686
7,17,30.165,60.935,108.96
7,18,30.175,60.935,108.881
7,19,30.185,60.935,108.466
7,20,30.195,60.935,107.798
7,21,30.205,60.935,107.014
7,22,30.215,60.935,106.273
7,23,30.225,60.935,105.725
7,24,30.235,60.935,105.482
7,25,30.245,60.935,105.593
7,26,30.255,60.935,106.035
7,27,30.265,60.935,106.719
7,28,30.275,60.935,107.506
7,29,30.285,60.935,108.236
7,30,30.295,60.935,108.761
7,31,30.305,60.935,108.975
7,32,30.315,60.935,108.833
7,33,30.325,60.935,108.365
7,34,30.335,60.935,107.666
7,35,30.345,60.935,106.878
7,36,30.355,60.935,106.16
7,37,30.365,60.935,105.66
7,38,30.375,60.935,105.478
7,39,30.385,60.935,105.651
7,40,30.395,60.935,106.145
7,41,30.405,60.935,106.858
7,42,30.415,60.935,107.647
7,43,30.425,60.935,108.351
7,44,30.435,60.935,108.827
7,45,30.445,60.935,108.978
7,46,30.455,60.935,108.774
7,47,30.465,60.935,108.257
7,48,30.475,60.935,107.531
7,49,30.485,60.935,106.743
7,50,30.495,60.935,106.055
7,51,30.505,60.935,105.605
7,52,30.515,60.935,105.485
7,53,30.525,60.935,105.72
7,54,30.535,60.935,106.261
7,55,30.545,60.935,106.999
7,56,30.555,60.935,107.785
7,57,30.565,60.935,108.457
7,58,30.575,60.935,108.881
7,59,30.585,60.935,108.97
7,60,30.595,60.935,108.706
7,61,30.605,60.935,108.142
7,62,30.615,60.935,107.394
7,63,30.625,60.935,106.612
7,64,30.635,60.935,105.957
7,65,30.645,60.935,105.561
7,66,30.655,60.935,105.504
7,67,30.665,60.935,105.798
7,68,30.675,60.935,106.384
7,69,30.685,60.935,107.142
7,70,30.695,60.935,107.919
7,71,30.705,60.935,108.556
7,72,30.715,60.935,108.925
7,73,30.725,60.935,108.951
7,74,30.735,60.935,108.628
7,75,30.745,60.935,108.022
7,76,30.755,60.935,107.256
7,77,30.765,60.935,106.485
7,78,30.775,60.935,105.867
7,79,30.785,60.935,105.527
7,80,30.795,60.935,105.534
7,81,30.805,60.935,105.886
7,82,30.815,60.935,106.512
7,83,30.825,60.935,107.285
7,84,30.835,60.935,108.048
7,85,30.845,60.935,108.647
7,86,30.855,60.935,108.958
7,87,30.865,60.935,108.921
7,88,30.875,60.935,108.541
7,89,30.885,60.935,107.896
7,90,30.895,60.935,107.118
7,91,30.905,60.935,106.363
7,92,30.915,60.935,105.787
7,93,30.925,60.935,105.505
7,94,30.935,60.935,105.574
7,95,30.945,60.935,105.982
7,96,30.955,60.935,106.645
7,97,30.965,60.935,107.428
7,98,30.975,60.935,108.173
7,99,30.985,60.935,108.728
7,100,30.995,60.935,108.98
8,1,30.005,60.925,107.872
8,2,30.015,60.925,108.484
8,3,30.025,60.925,108.816
8,4,30.035,60.925,108.801
8,5,30.045,60.925,108.44
8,6,30.055,60.925,107.809
8,7,30.065,60.925,107.034
8,8,30.075,60.925,106.274
8,9,30.085,60.925,105.682
8,10,30.095,60.925,105.379
8,11,30.105,60.925,105.427
8,12,30.115,60.925,105.816
8,13,30.125,60.925,106.466
8,14,30.135,60.925,107.246
8,15,30.145,60.925,107.998
8,16,30.155,60.925,108.569
8,17,30.165,60.925,108.842
8,18,30.175,60.925,108.763
8,19,30.185,60.925,108.348
8,20,30.195,60.925,107.68
8,21,30.205,60.925,106.896
8,22,30.215,60.925,106.155
8,23,30.225,60.925,105.607
8,24,30.235,60.925,105.364
8,25,30.245,60.925,105.475
8,26,30.255,60.925,105.917
8,27,30.265,60.925,106.601
8,28,30.275,60.925,107.389
8,29,30.285,60.925,108.119
8,30,30.295,60.925,108.644
8,31,30.305,60.925,108.857
8,32,30.315,60.925,108.715
8,33,30.325,60.925,108.247
8,34,30.335,60.925,107.548
8,35,30.345,60.925,106.76
8,36,30.355,60.925,106.043
8,37,30.365,60.925,105.542
8,38,30.375,60.925,105.36
8,39,30.385,60.925,105.533
8,40,30.395,60.925,106.027
8,41,30.405,60.925,106.74
8,42,30.415,60.925,107.529
8,43,30.425,60.925,108.233
8,44,30.435,60.925,108.709
8,45,30.445,60.925,108.86
8,46,30.455,60.925,108.657
8,47,30.465,60.925,108.139
8,48,30.475,60.925,107.413
8,49,30.485,60.925,106.626
8,50,30.495,60.925,105.937
8,51,30.505,60.925,105.487
8,52,30.515,60.925,105.367
8,53,30.525,60.925,105.602
8,54,30.535,60.925,106.143
8,55,30.545,60.925,106.881
8,56,30.555,60.925,107.667
8,57,30.565,60.925,108.34
8,58,30.575,60.925,108.763
8,59,30.585,60.925,108.852
8,60,30.595,60.925,108.588
8,61,30.605,60.925,108.024
8,62,30.615,60.925,107.276
8,63,30.625,60.925,106.495
8,64,30.635,60.925,105.839
8,65,30.645,60.925,105.443
8,66,30.655,60.925,105.386
8,67,30.665,60.925,105.68
8,68,30.675,60.925,106.266
8,69,30.685,60.925,107.024
8,70,30.695,60.925,107.801
8,71,30.705,60.925,108.438
8,72,30.715,60.925,108.808
8,73,30.725,60.925,108.833
8,74,30.735,60.925,108.51
8,75,30.745,60.925,107.904
8,76,30.755,60.925,107.138
8,77,30.765,60.925,106.368
8,78,30.775,60.925,105.75
8,79,30.785,60.925,105.409
8,80,30.795,60.925,105.416
8,81,30.805,60.925,105.768
8,82,30.815,60.925,106.394
8,83,30.825,60.925,107.167
8,84,30.835,60.925,107.931
8,85,30.845,60.925,108.529
8,86,30.855,60.925,108.841
8,87,30.865,60.925,108.803
8,88,30.875,60.925,108.423
8,89,30.885,60.925,107.778
8,90,30.895,60.925,107.0
8,91,30.905,60.925,106.246
8,92,30.915,60.925,105.669
8,93,30.925,60.925,105.387
8,94,30.935,60.925,105.457
8,95,30.945,60.925,105.864
8,96,30.955,60.925,106.527
8,97,30.965,60.925,107.31
8,98,30.975,60.925,108.055
8,99,30.985,60.925,108.61
8,100,30.995,60.925,108.863
9,1,30.005,60.915,107.874
9,2,30.015,60.915,108.486
9,3,30.025,60.915,108.819
9,4,30.035,60.915,108.803
9,5,30.045,60.915,108.443
9,6,30.055,60.915,107.811
9,7,30.065,60.915,107.036
9,8,30.075,60.915,106.276
9,9,30.085,60.915,105.684
9,10,30.095,60.915,105.382
9,11,30.105,60.915,105.429
9,12,30.115,60.915,105.818
9,13,30.125,60.915,106.468
9,14,30.135,60.915,107.249
9,15,30.145,60.915,108.0
9,16,30.155,60.915,108.571
9,17,30.165,60.915,108.844
9,18,30.175,60.915,108.765
9,19,30.185,60.915,108.35
9,20,30.195,60.915,107.682
9,21,30.205,60.915,106.899
9,22,30.215,60.915,106.157
9,23,30.225,60.915,105.609
9,24,30.235,60.915,105.366
9,25,30.245,60.915,105.477
9,26,30.255,60.915,105.92
9,27,30.265,60.915,106.604
9,28,30.275,60.915,107.391
9,29,30.285,60.915,108.121
9,30,30.295,60.915,108.646
9,31,30.305,60.915,108.859
9,32,30.315,60.915,108.717
9,33,30.325,60.915,108.249
9,34,30.335,60.915,107.55
9,35,30.345,60.915,106.762
9,36,30.355,60.915,106.045
9,37,30.365,60.915,105.544
9,38,30.375,60.915,105.362
9,39,30.385,60.915,105.536
9,40,30.395,60.915,106.029
9,41,30.405,60.915,106.743
9,42,30.415,60.915,107.531
9,43,30.425,60.915,108.235
9,44,30.435,60.915,108.711
9,45,30.445,60.915,108.863
9,46,30.455,60.915,108.659
9,47,30.465,60.915,108.141
9,48,30.475,60.915,107.415
9,49,30.485,60.915,106.628
9,50,30.495,60.915,105.939
9,51,30.505,60.915,105.49
9,52,30.515,60.915,105.37
9,53,30.525,60.915,105.604
9,54,30.535,60.915,106.145
9,55,30.545,60.915,106.884
9,56,30.555,60.915,107.669
9,57,30.565,60.915,108.342
9,58,30.575,60.915,108.766
9,59,30.585,60.915,108.855
9,60,30.595,60.915,108.59
9,61,30.605,60.915,108.027
9,62,30.615,60.915,107.278
9,63,30.625,60.915,106.497
9,64,30.635,60.915,105.842
9,65,30.645,60.915,105.445
9,66,30.655,60.915,105.388
9,67,30.665,60.915,105.683
9,68,30.675,60.915,106.268
9,69,30.685,60.915,107.026
9,70,30.695,60.915,107.803
9,71,30.705,60.915,108.441
9,72,30.715,60.915,108.81
9,73,30.725,60.915,108.835
9,74,30.735,60.915,108.512
9,75,30.745,60.915,107.906
9,76,30.755,60.915,107.14
9,77,30.765,60.915,106.37
9,78,30.775,60.915,105.752
9,79,30.785,60.915,105.412
9,80,30.795,60.915,105.418
9,81,30.805,60.915,105.77
9,82,30.815,60.915,106.396
9,83,30.825,60.915,107.17
9,84,30.835,60.915,107.933
9,85,30.845,60.915,108.531
9,86,30.855,60.915,108.843
9,87,30.865,60.915,108.805
9,88,30.875,60.915,108.425
9,89,30.885,60.915,107.781
9,90,30.895,60.915,107.002
9,91,30.905,60.915,106.248
9,92,30.915,60.915,105.671
9,93,30.925,60.915,105.389
9,94,30.935,60.915,105.459
9,95,30.945,60.915,105.867
9,96,30.955,60.915,106.529
9,97,30.965,60.915,107.313
9,98,30.975,60.915,108.057
9,99,30.985,60.915,108.612
9,100,30.995,60.915,108.865
10,1,30.005,60.905,107.996
10,2,30.015,60.905,108.609
10,3,30.025,60.905,108.941
10,4,30.035,60.905,108.925
10,5,30.045,60.905,108.565
10,6,30.055,60.905,107.933
10,7,30.065,60.905,107.158
10,8,30.075,60.905,106.398
10,9,30.085,60.905,105.806
10,10,30.095,60.905,105.504
10,11,30.105,60.905,105.551
10,12,30.115,60.905,105.94
10,13,30.125,60.905,106.59
10,14,30.135,60.905,107.371
10,15,30.145,60.905,108.122
10,16,30.155,60.905,108.693
10,17,30.165,60.905,108.967
10,18,30.175,60.905,108.888
10,19,30.185,60.905,108.472
10,20,30.195,60.905,107.805
10,21,30.205,60.905,107.021
10,22,30.215,60.905,106.279
10,23,30.225,60.905,105.732
10,24,30.235,60.905,105.488
10,25,30.245,60.905,105.599
10,26,30.255,60.905,106.042
10,27,30.265,60.905,106.726
10,28,30.275,60.905,107.513
10,29,30.285,60.905,108.243
10,30,30.295,60.905,108.768
10,31,30.305,60.905,108.981
10,32,30.315,60.905,108.839
10,33,30.325,60.905,108.371
10,34,30.335,60.905,107.672
10,35,30.345,60.905,106.884
10,36,30.355,60.905,106.167
10,37,30.365,60.905,105.667
10,38,30.375,60.905,105.484
10,39,30.385,60.905,105.658
10,40,30.395,60.905,106.151
10,41,30.405,60.905,106.865
10,42,30.415,60.905,107.653
10,43,30.425,60.905,108.357
10,44,30.435,60.905,108.833
10,45,30.445,60.905,108.985
10,46,30.455,60.905,108.781
10,47,30.465,60.905,108.263
10,48,30.475,60.905,107.537
10,49,30.485,60.905,106.75
10,50,30.495,60.905,106.062
10,51,30.505,60.905,105.612
10,52,30.515,60.905,105.492
10,53,30.525,60.905,105.726
10,54,30.535,60.905,106.268
10,55,30.545,60.905,107.006
10,56,30.555,60.905,107.791
10,57,30.565,60.905,108.464
10,58,30.575,60.905,108.888
10,59,30.585,60.905,108.977
10,60,30.595,60.905,108.712
10,61,30.605,60.905,108.149
10,62,30.615,60.905,107.4
10,63,30.625,60.905,106.619
10,64,30.635,60.905,105.964
10,65,30.645,60.905,105.567
10,66,30.655,60.905,105.51
10,67,30.665,60.905,105.805
10,68,30.675,60.905,106.39
10,69,30.685,60.905,107.148
10,70,30.695,60.905,107.925
10,71,30.705,60.905,108.563
10,72,30.715,60.905,108.932
10,73,30.725,60.905,108.957
10,74,30.735,60.905,108.634
10,75,30.745,60.905,108.028
10,76,30.755,60.905,107.262
10,77,30.765,60.905,106.492
10,78,30.775,60.905,105.874
10,79,30.785,60.905,105.534
10,80,30.795,60.905,105.54
10,81,30.805,60.905,105.892
10,82,30.815,60.905,106.519
10,83,30.825,60.905,107.292
10,84,30.835,60.905,108.055
10,85,30.845,60.905,108.653
10,86,30.855,60.905,108.965
10,87,30.865,60.905,108.927
10,88,30.875,60.905,108.547
10,89,30.885,60.905,107.903
10,90,30.895,60.905,107.124
10,91,30.905,60.905,106.37
10,92,30.915,60.905,105.793
10,93,30.925,60.905,105.511
10,94,30.935,60.905,105.581
10,95,30.945,60.905,105.989
10,96,30.955,60.905,106.651
10,97,30.965,60.905,107.435
10,98,30.975,60.905,108.179
10,99,30.985,60.905,108.734
10,100,30.995,60.905,108.987
11,1,30.005,60.895,108.221
11,2,30.015,60.895,108.834
11,3,30.025,60.895,109.166
11,4,30.035,60.895,109.15
11,5,30.045,60.895,108.79
11,6,30.055,60.895,108.158
11,7,30.065,60.895,107.384
11,8,30.075,60.895,106.623
11,9,30.085,60.895,106.032
11,10,30.095,60.895,105.729
11,11,30.105,60.895,105.777
11,12,30.115,60.895,106.165
11,13,30.125,60.895,106.816
11,14,30.135,60.895,107.596
11,15,30.145,60.895,108.348
11,16,30.155,60.895,108.918
11,17,30.165,60.895,109.192
11,18,30.175,60.895,109.113
11,19,30.185,60.895,108.697
11,20,30.195,60.895,108.03
11,21,30.205,60.895,107.246
11,22,30.215,60.895,106.505
11,23,30.225,60.895,105.957
11,24,30.235,60.895,105.714
11,25,30.245,60.895,105.825
11,26,30.255,60.895,106.267
11,27,30.265,60.895,106.951
11,28,30.275,60.895,107.738
11,29,30.285,60.895,108.468
11,30,30.295,60.895,108.993
11,31,30.305,60.895,109.207
11,32,30.315,60.895,109.065
11,33,30.325,60.895,108.597
11,34,30.335,60.895,107.898
11,35,30.345,60.895,107.11
11,36,30.355,60.895,106.392
11,37,30.365,60.895,105.892
11,38,30.375,60.895,105.71
11,39,30.385,60.895,105.883
11,40,30.395,60.895,106.376
11,41,30.405,60.895,107.09
11,42,30.415,60.895,107.879
11,43,30.425,60.895,108.583
11,44,30.435,60.895,109.058
11,45,30.445,60.895,109.21
11,46,30.455,60.895,109.006
11,47,30.465,60.895,108.489
11,48,30.475,60.895,107.763
11,49,30.485,60.895,106.975
11,50,30.495,60.895,106.287
11,51,30.505,60.895,105.837
11,52,30.515,60.895,105.717
11,53,30.525,60.895,105.952
11,54,30.535,60.895,106.493
11,55,30.545,60.895,107.231
11,56,30.555,60.895,108.016
11,57,30.565,60.895,108.689
11,58,30.575,60.895,109.113
11,59,30.585,60.895,109.202
11,60,30.595,60.895,108.938
11,61,30.605,60.895,108.374
11,62,30.615,60.895,107.626
11,63,30.625,60.895,106.844
11,64,30.635,60.895,106.189
11,65,30.645,60.895,105.793
11,66,30.655,60.895,105.736
11,67,30.665,60.895,106.03
11,68,30.675,60.895,106.616
11,69,30.685,60.895,107.374
11,70,30.695,60.895,108.151
11,71,30.705,60.895,108.788
11,72,30.715,60.895,109.157
11,73,30.725,60.895,109.183
11,74,30.735,60.895,108.86
11,75,30.745,60.895,108.254
11,76,30.755,60.895,107.488
11,77,30.765,60.895,106.717
11,78,30.775,60.895,106.099
11,79,30.785,60.895,105.759
11,80,30.795,60.895,105.766
11,81,30.805,60.895,106.118
11,82,30.815,60.895,106.744
11,83,30.825,60.895,107.517
11,84,30.835,60.895,108.28
11,85,30.845,60.895,108.879
11,86,30.855,60.895,109.19
11,87,30.865,60.895,109.153
11,88,30.875,60.895,108.773
11,89,30.885,60.895,108.128
11,90,30.895,60.895,107.35
11,91,30.905,60.895,106.595
11,92,30.915,60.895,106.019
11,93,30.925,60.895,105.736
11,94,30.935,60.895,105.806
11,95,30.945,60.895,106.214
11,96,30.955,60.895,106.877
11,97,30.965,60.895,107.66
11,98,30.975,60.895,108.405
11,99,30.985,60.895,108.96
11,100,30.995,60.895,109.212
12,1,30.005,60.885,108.52
12,2,30.015,60.885,109.132
12,3,30.025,60.885,109.464
12,4,30.035,60.885,109.448
12,5,30.045,60.885,109.088
12,6,30.055,60.885,108.457
12,7,30.065,60.885,107.682
12,8,30.075,60.885,106.922
12,9,30.085,60.885,106.33
12,10,30.095,60.885,106.027
12,11,30.105,60.885,106.075
12,12,30.115,60.885,106.463
12,13,30.125,60.885,107.114
12,14,30.135,60.885,107.894
12,15,30.145,60.885,108.646
12,16,30.155,60.885,109.217
12,17,30.165,60.885,109.49
12,18,30.175,60.885,109.411
12,19,30.185,60.885,108.996
12,20,30.195,60.885,108.328
12,21,30.205,60.885,107.544
12,22,30.215,60.885,106.803
12,23,30.225,60.885,106.255
12,24,30.235,60.885,106.012
12,25,30.245,60.885,106.123
12,26,30.255,60.885,106.565
12,27,30.265,60.885,107.249
12,28,30.275,60.885,108.036
12,29,30.285,60.885,108.767
12,30,30.295,60.885,109.292
12,31,30.305,60.885,109.505
12,32,30.315,60.885,109.363
12,33,30.325,60.885,108.895
12,34,30.335,60.885,108.196
12,35,30.345,60.885,107.408
12,36,30.355,60.885,106.691
12,37,30.365,60.885,106.19
12,38,30.375,60.885,106.008
12,39,30.385,60.885,106.181
12,40,30.395,60.885,106.675
12,41,30.405,60.885,107.388
12,42,30.415,60.885,108.177
12,43,30.425,60.885,108.881
12,44,30.435,60.885,109.357
12,45,30.445,60.885,109.508
12,46,30.455,60.885,109.304
12,47,30.465,60.885,108.787
12,48,30.475,60.885,108.061
12,49,30.485,60.885,107.274
12,50,30.495,60.885,106.585
12,51,30.505,60.885,106.135
12,52,30.515,60.885,106.015
12,53,30.525,60.885,106.25
12,54,30.535,60.885,106.791
12,55,30.545,60.885,107.529
12,56,30.555,60.885,108.315
12,57,30.565,60.885,108.987
12,58,30.575,60.885,109.411
12,59,30.585,60.885,109.5
12,60,30.595,60.885,109.236
12,61,30.605,60.885,108.672
12,62,30.615,60.885,107.924
12,63,30.625,60.885,107.143
12,64,30.635,60.885,106.487
12,65,30.645,60.885,106.091
12,66,30.655,60.885,106.034
12,67,30.665,60.885,106.328
12,68,30.675,60.885,106.914
12,69,30.685,60.885,107.672
12,70,30.695,60.885,108.449
12,71,30.705,60.885,109.086
12,72,30.715,60.885,109.455
12,73,30.725,60.885,109.481
12,74,30.735,60.885,109.158
12,75,30.745,60.885,108.552
12,76,30.755,60.885,107.786
12,77,30.765,60.885,107.016
12,78,30.775,60.885,106.397
12,79,30.785,60.885,106.057
12,80,30.795,60.885,106.064
12,81,30.805,60.885,106.416
12,82,30.815,60.885,107.042
12,83,30.825,60.885,107.815
12,84,30.835,60.885,108.578
12,85,30.845,60.885,109.177
12,86,30.855,60.885,109.489
12,87,30.865,60.885,109.451
12,88,30.875,60.885,109.071
12,89,30.885,60.885,108.426
12,90,30.895,60.885,107.648
12,91,30.905,60.885,106.893
12,92,30.915,60.885,106.317
12,93,30.925,60.885,106.035
12,94,30.935,60.885,106.104
12,95,30.945,60.885,106.512
12,96,30.955,60.885,107.175
12,97,30.965,60.885,107.958
12,98,30.975,60.885,108.703
12,99,30.985,60.885,109.258
12,100,30.995,60.885,109.511
13,1,30.005,60.875,108.85
13,2,30.015,60.875,109.462
13,3,30.025,60.875,109.795
13,4,30.035,60.875,109.779
13,5,30.045,60.875,109.419
13,6,30.055,60.875,108.787
13,7,30.065,60.875,108.012
13,8,30.075,60.875,107.252
13,9,30.085,60.875,106.66
13,10,30.095,60.875,106.358
13,11,30.105,60.875,106.405
13,12,30.115,60.875,106.794
13,13,30.125,60.875,107.444
13,14,30.135,60.875,108.225
13,15,30.145,60.875,108.976
13,16,30.155,60.875,109.547
13,17,30.165,60.875,109.82
13,18,30.175,60.875,109.741
13,19,30.185,60.875,109.326
13,20,30.195,60.875,108.659
13,21,30.205,60.875,107.875
13,22,30.215,60.875,107.133
13,23,30.225,60.875,106.586
13,24,30.235,60.875,106.342
13,25,30.245,60.875,106.453
13,26,30.255,60.875,106.896
13,27,30.265,60.875,107.58
13,28,30.275,60.875,108.367
13,29,30.285,60.875,109.097
13,30,30.295,60.875,109.622
13,31,30.305,60.875,109.835
13,32,30.315,60.875,109.693
13,33,30.325,60.875,109.225
13,34,30.335,60.875,108.526
13,35,30.345,60.875,107.738
13,36,30.355,60.875,107.021
13,37,30.365,60.875,106.52
13,38,30.375,60.875,106.338
13,39,30.385,60.875,106.512
13,40,30.395,60.875,107.005
13,41,30.405,60.875,107.719
13,42,30.415,60.875,108.507
13,43,30.425,60.875,109.211
13,44,30.435,60.875,109.687
13,45,30.445,60.875,109.839
13,46,30.455,60.875,109.635
13,47,30.465,60.875,109.117
13,48,30.475,60.875,108.391
13,49,30.485,60.875,107.604
13,50,30.495,60.875,106.915
13,51,30.505,60.875,106.466
13,52,30.515,60.875,106.346
13,53,30.525,60.875,106.58
13,54,30.535,60.875,107.121
13,55,30.545,60.875,107.86
13,56,30.555,60.875,108.645
13,57,30.565,60.875,109.318
13,58,30.575,60.875,109.742
13,59,30.585,60.875,109.831
13,60,30.595,60.875,109.566
13,61,30.605,60.875,109.003
13,62,30.615,60.875,108.254
13,63,30.625,60.875,107.473
13,64,30.635,60.875,106.818
13,65,30.645,60.875,106.421
13,66,30.655,60.875,106.364
13,67,30.665,60.875,106.659
13,68,30.675,60.875,107.244
13,69,30.685,60.875,108.002
13,70,30.695,60.875,108.779
13,71,30.705,60.875,109.417
13,72,30.715,60.875,109.786
13,73,30.725,60.875,109.811
13,74,30.735,60.875,109.488
13,75,30.745,60.875,108.882
13,76,30.755,60.875,108.116
13,77,30.765,60.875,107.346
13,78,30.775,60.875,106.728
13,79,30.785,60.875,106.388
13,80,30.795,60.875,106.394
13,81,30.805,60.875,106.746
13,82,30.815,60.875,107.372
13,83,30.825,60.875,108.146
13,84,30.835,60.875,108.909
13,85,30.845,60.875,109.507
13,86,30.855,60.875,109.819
13,87,30.865,60.875,109.781
13,88,30.875,60.875,109.401
13,89,30.885,60.875,108.757
13,90,30.895,60.875,107.978
13,91,30.905,60.875,107.224
13,92,30.915,60.875,106.647
13,93,30.925,60.875,106.365
13,94,30.935,60.875,106.435
13,95,30.945,60.875,106.843
13,96,30.955,60.875,107.505
13,97,30.965,60.875,108.289
13,98,30.975,60.875,109.033
13,99,30.985,60.875,109.588
13,100,30.995,60.875,109.841
14,1,30.005,60.865,109.168
14,2,30.015,60.865,109.78
14,3,30.025,60.865,110.112
14,4,30.035,60.865,110.097
14,5,30.045,60.865,109.737
14,6,30.055,60.865,109.105
14,7,30.065,60.865,108.33
14,8,30.075,60.865,107.57
14,9,30.085,60.865,106.978
14,10,30.095,60.865,106.675
14,11,30.105,60.865,106.723
14,12,30.115,60.865,107.112
14,13,30.125,60.865,107.762
14,14,30.135,60.865,108.543
14,15,30.145,60.865,109.294
14,16,30.155,60.865,109.865
14,17,30.165,60.865,110.138
14,18,30.175,60.865,110.059
14,19,30.185,60.865,109.644
14,20,30.195,60.865,108.976
14,21,30.205,60.865,108.192
14,22,30.215,60.865,107.451
14,23,30.225,60.865,106.903
14,24,30.235,60.865,106.66
14,25,30.245,60.865,106.771
14,26,30.255,60.865,107.214
14,27,30.265,60.865,107.898
14,28,30.275,60.865,108.685
14,29,30.285,60.865,109.415
14,30,30.295,60.865,109.94
14,31,30.305,60.865,110.153
14,32,30.315,60.865,110.011
14,33,30.325,60.865,109.543
14,34,30.335,60.865,108.844
14,35,30.345,60.865,108.056
14,36,30.355,60.865,107.339
14,37,30.365,60.865,106.838
14,38,30.375,60.865,106.656
14,39,30.385,60.865,106.829
14,40,30.395,60.865,107.323
14,41,30.405,60.865,108.036
14,42,30.415,60.865,108.825
14,43,30.425,60.865,109.529
14,44,30.435,60.865,110.005
14,45,30.445,60.865,110.156
14,46,30.455,60.865,109.953
14,47,30.465,60.865,109.435
14,48,30.475,60.865,108.709
14,49,30.485,60.865,107.922
14,50,30.495,60.865,107.233
14,51,30.505,60.865,106.783
14,52,30.515,60.865,106.664
14,53,30.525,60.865,106.898
14,54,30.535,60.865,107.439
14,55,30.545,60.865,108.178
14,56,30.555,60.865,108.963
14,57,30.565,60.865,109.636
14,58,30.575,60.865,110.06
14,59,30.585,60.865,110.149
14,60,30.595,60.865,109.884
14,61,30.605,60.865,109.321
14,62,30.615,60.865,108.572
14,63,30.625,60.865,107.791
14,64,30.635,60.865,107.135
14,65,30.645,60.865,106.739
14,66,30.655,60.865,106.682
14,67,30.665,60.865,106.976
14,68,30.675,60.865,107.562
14,69,30.685,60.865,108.32
14,70,30.695,60.865,109.097
14,71,30.705,60.865,109.735
14,72,30.715,60.865,110.104
14,73,30.725,60.865,110.129
14,74,30.735,60.865,109.806
14,75,30.745,60.865,109.2
14,76,30.755,60.865,108.434
14,77,30.765,60.865,107.664
14,78,30.775,60.865,107.046
14,79,30.785,60.865,106.705
14,80,30.795,60.865,106.712
14,81,30.805,60.865,107.064
14,82,30.815,60.865,107.69
14,83,30.825,60.865,108.464
14,84,30.835,60.865,109.227
14,85,30.845,60.865,109.825
14,86,30.855,60.865,110.137
14,87,30.865,60.865,110.099
14,88,30.875,60.865,109.719
14,89,30.885,60.865,109.074
14,90,30.895,60.865,108.296
14,91,30.905,60.865,107.542
14,92,30.915,60.865,106.965
14,93,30.925,60.865,106.683
14,94,30.935,60.865,106.753
14,95,30.945,60.865,107.161
14,96,30.955,60.865,107.823
14,97,30.965,60.865,108.607
14,98,30.975,60.865,109.351
14,99,30.985,60.865,109.906
14,100,30.995,60.865,110.159
15,1,30.005,60.855,109.43
15,2,30.015,60.855,110.043
15,3,30.025,60.855,110.375
15,4,30.035,60.855,110.359
15,5,30.045,60.855,109.999
15,6,30.055,60.855,109.367
15,7,30.065,60.855,108.593
15,8,30.075,60.855,107.832
15,9,30.085,60.855,107.241
15,10,30.095,60.855,106.938
15,11,30.105,60.855,106.986
15,12,30.115,60.855,107.374
15,13,30.125,60.855,108.025
15,14,30.135,60.855,108.805
15,15,30.145,60.855,109.557
15,16,30.155,60.855,110.127
15,17,30.165,60.855,110.401
15,18,30.175,60.855,110.322
15,19,30.185,60.855,109.906
15,20,30.195,60.855,109.239
15,21,30.205,60.855,108.455
15,22,30.215,60.855,107.714
15,23,30.225,60.855,107.166
15,24,30.235,60.855,106.923
15,25,30.245,60.855,107.033
15,26,30.255,60.855,107.476
15,27,30.265,60.855,108.16
15,28,30.275,60.855,108.947
15,29,30.285,60.855,109.677
15,30,30.295,60.855,110.202
15,31,30.305,60.855,110.415
15,32,30.315,60.855,110.274
15,33,30.325,60.855,109.806
15,34,30.335,60.855,109.107
15,35,30.345,60.855,108.318
15,36,30.355,60.855,107.601
15,37,30.365,60.855,107.101
15,38,30.375,60.855,106.919
15,39,30.385,60.855,107.092
15,40,30.395,60.855,107.585
15,41,30.405,60.855,108.299
15,42,30.415,60.855,109.088
15,43,30.425,60.855,109.791
15,44,30.435,60.855,110.267
15,45,30.445,60.855,110.419
15,46,30.455,60.855,110.215
15,47,30.465,60.855,109.698
15,48,30.475,60.855,108.972
15,49,30.485,60.855,108.184
15,50,30.495,60.855,107.496
15,51,30.505,60.855,107.046
15,52,30.515,60.855,106.926
15,53,30.525,60.855,107.16
15,54,30.535,60.855,107.702
15,55,30.545,60.855,108.44
15,56,30.555,60.855,109.225
15,57,30.565,60.855,109.898
15,58,30.575,60.855,110.322
15,59,30.585,60.855,110.411
15,60,30.595,60.855,110.147
15,61,30.605,60.855,109.583
15,62,30.615,60.855,108.835
15,63,30.625,60.855,108.053
15,64,30.635,60.855,107.398
15,65,30.645,60.855,107.001
15,66,30.655,60.855,106.945
15,67,30.665,60.855,107.239
15,68,30.675,60.855,107.824
15,69,30.685,60.855,108.583
15,70,30.695,60.855,109.359
15,71,30.705,60.855,109.997
15,72,30.715,60.855,110.366
15,73,30.725,60.855,110.392
15,74,30.735,60.855,110.069
15,75,30.745,60.855,109.462
15,76,30.755,60.855,108.697
15,77,30.765,60.855,107.926
15,78,30.775,60.855,107.308
15,79,30.785,60.855,106.968
15,80,30.795,60.855,106.974
15,81,30.805,60.855,107.326
15,82,30.815,60.855,107.953
15,83,30.825,60.855,108.726
15,84,30.835,60.855,109.489
15,85,30.845,60.855,110.087
15,86,30.855,60.855,110.399
15,87,30.865,60.855,110.361
15,88,30.875,60.855,109.982
15,89,30.885,60.855,109.337
15,90,30.895,60.855,108.558
15,91,30.905,60.855,107.804
15,92,30.915,60.855,107.227
15,93,30.925,60.855,106.945
15,94,30.935,60.855,107.015
15,95,30.945,60.855,107.423
15,96,30.955,60.855,108.086
15,97,30.965,60.855,108.869
15,98,30.975,60.855,109.614
15,99,30.985,60.855,110.169
15,100,30.995,60.855,110.421
16,1,30.005,60.845,109.601
16,2,30.015,60.845,110.214
16,3,30.025,60.845,110.546
16,4,30.035,60.845,110.53
16,5,30.045,60.845,110.17
16,6,30.055,60.845,109.539
16,7,30.065,60.845,108.764
16,8,30.075,60.845,108.003
16,9,30.085,60.845,107.412
16,10,30.095,60.845,107.109
16,11,30.105,60.845,107.157
16,12,30.115,60.845,107.545
16,13,30.125,60.845,108.196
16,14,30.135,60.845,108.976
16,15,30.145,60.845,109.728
16,16,30.155,60.845,110.298
16,17,30.165,60.845,110.572
16,18,30.175,60.845,110.493
16,19,30.185,60.845,110.078
16,20,30.195,60.845,109.41
16,21,30.205,60.845,108.626
16,22,30.215,60.845,107.885
16,23,30.225,60.845,107.337
16,24,30.235,60.845,107.094
16,25,30.245,60.845,107.205
16,26,30.255,60.845,107.647
16,27,30.265,60.845,108.331
16,28,30.275,60.845,109.118
16,29,30.285,60.845,109.848
16,30,30.295,60.845,110.373
16,31,30.305,60.845,110.587
16,32,30.315,60.845,110.445
16,33,30.325,60.845,109.977
16,34,30.335,60.845,109.278
16,35,30.345,60.845,108.49
16,36,30.355,60.845,107.772
16,37,30.365,60.845,107.272
16,38,30.375,60.845,107.09
16,39,30.385,60.845,107.263
16,40,30.395,60.845,107.757
16,41,30.405,60.845,108.47
16,42,30.415,60.845,109.259
16,43,30.425,60.845,109.963
16,44,30.435,60.845,110.439
16,45,30.445,60.845,110.59
16,46,30.455,60.845,110.386
16,47,30.465,60.845,109.869
16,48,30.475,60.845,109.143
16,49,30.485,60.845,108.355
16,50,30.495,60.845,107.667
16,51,30.505,60.845,107.217
16,52,30.515,60.845,107.097
16,53,30.525,60.845,107.332
16,54,30.535,60.845,107.873
16,55,30.545,60.845,108.611
16,56,30.555,60.845,109.397
16,57,30.565,60.845,110.069
16,58,30.575,60.845,110.493
16,59,30.585,60.845,110.582
16,60,30.595,60.845,110.318
16,61,30.605,60.845,109.754
16,62,30.615,60.845,109.006
16,63,30.625,60.845,108.224
16,64,30.635,60.845,107.569
16,65,30.645,60.845,107.173
16,66,30.655,60.845,107.116
16,67,30.665,60.845,107.41
16,68,30.675,60.845,107.996
16,69,30.685,60.845,108.754
16,70,30.695,60.845,109.531
16,71,30.705,60.845,110.168
16,72,30.715,60.845,110.537
16,73,30.725,60.845,110.563
16,74,30.735,60.845,110.24
16,75,30.745,60.845,109.634
16,76,30.755,60.845,108.868
16,77,30.765,60.845,108.097
16,78,30.775,60.845,107.479
16,79,30.785,60.845,107.139
16,80,30.795,60.845,107.146
16,81,30.805,60.845,107.498
16,82,30.815,60.845,108.124
16,83,30.825,60.845,108.897
16,84,30.835,60.845,109.66
16,85,30.845,60.845,110.259
16,86,30.855,60.845,110.57
16,87,30.865,60.845,110.533
16,88,30.875,60.845,110.153
16,89,30.885,60.845,109.508
16,90,30.895,60.845,108.73
16,91,30.905,60.845,107.975
16,92,30.915,60.845,107.399
16,93,30.925,60.845,107.117
16,94,30.935,60.845,107.186
16,95,30.945,60.845,107.594
16,96,30.955,60.845,108.257
16,97,30.965,60.845,109.04
16,98,30.975,60.845,109.785
16,99,30.985,60.845,110.34
16,100,30.995,60.845,110.592
17,1,30.005,60.835,109.658
17,2,30.015,60.835,110.271
17,3,30.025,60.835,110.603
17,4,30.035,60.835,110.587
17,5,30.045,60.835,110.227
17,6,30.055,60.835,109.595
17,7,30.065,60.835,108.821
17,8,30.075,60.835,108.06
17,9,30.085,60.835,107.469
17,10,30.095,60.835,107.166
17,11,30.105,60.835,107.214
17,12,30.115,60.835,107.602
17,13,30.125,60.835,108.253
17,14,30.135,60.835,109.033
17,15,30.145,60.835,109.785
17,16,30.155,60.835,110.355
17,17,30.165,60.835,110.629
17,18,30.175,60.835,110.55
17,19,30.185,60.835,110.134
17,20,30.195,60.835,109.467
17,21,30.205,60.835,108.683
17,22,30.215,60.835,107.942
17,23,30.225,60.835,107.394
17,24,30.235,60.835,107.151
17,25,30.245,60.835,107.262
17,26,30.255,60.835,107.704
17,27,30.265,60.835,108.388
17,28,30.275,60.835,109.175
17,29,30.285,60.835,109.905
17,30,30.295,60.835,110.43
17,31,30.305,60.835,110.644
17,32,30.315,60.835,110.502
17,33,30.325,60.835,110.034
17,34,30.335,60.835,109.335
17,35,30.345,60.835,108.547
17,36,30.355,60.835,107.829
17,37,30.365,60.835,107.329
17,38,30.375,60.835,107.147
17,39,30.385,60.835,107.32
17,40,30.395,60.835,107.813
17,41,30.405,60.835,108.527
17,42,30.415,60.835,109.316
17,43,30.425,60.835,110.019
17,44,30.435,60.835,110.495
17,45,30.445,60.835,110.647
17,46,30.455,60.835,110.443
17,47,30.465,60.835,109.926
17,48,30.475,60.835,109.2
17,49,30.485,60.835,108.412
17,50,30.495,60.835,107.724
17,51,30.505,60.835,107.274
17,52,30.515,60.835,107.154
17,53,30.525,60.835,107.389
17,54,30.535,60.835,107.93
17,55,30.545,60.835,108.668
17,56,30.555,60.835,109.453
17,57,30.565,60.835,110.126
17,58,30.575,60.835,110.55
17,59,30.585,60.835,110.639
17,60,30.595,60.835,110.375
17,61,30.605,60.835,109.811
17,62,30.615,60.835,109.063
17,63,30.625,60.835,108.281
17,64,30.635,60.835,107.626
17,65,30.645,60.835,107.23
17,66,30.655,60.835,107.173
17,67,30.665,60.835,107.467
17,68,30.675,60.835,108.053
17,69,30.685,60.835,108.811
17,70,30.695,60.835,109.588
17,71,30.705,60.835,110.225
17,72,30.715,60.835,110.594
17,73,30.725,60.835,110.62
17,74,30.735,60.835,110.297
17,75,30.745,60.835,109.691
17,76,30.755,60.835,108.925
17,77,30.765,60.835,108.154
17,78,30.775,60.835,107.536
17,79,30.785,60.835,107.196
17,80,30.795,60.835,107.202
17,81,30.805,60.835,107.555
17,82,30.815,60.835,108.181
17,83,30.825,60.835,108.954
17,84,30.835,60.835,109.717
17,85,30.845,60.835,110.315
17,86,30.855,60.835,110.627
17,87,30.865,60.835,110.589
17,88,30.875,60.835,110.21
17,89,30.885,60.835,109.565
17,90,30.895,60.835,108.786
17,91,30.905,60.835,108.032
17,92,30.915,60.835,107.455
17,93,30.925,60.835,107.173
17,94,30.935,60.835,107.243
17,95,30.945,60.835,107.651
17,96,30.955,60.835,108.314
17,97,30.965,60.835,109.097
17,98,30.975,60.835,109.842
17,99,30.985,60.835,110.397
17,100,30.995,60.835,110.649
18,1,30.005,60.825,109.593
18,2,30.015,60.825,110.206
18,3,30.025,60.825,110.538
18,4,30.035,60.825,110.522
18,5,30.045,60.825,110.162
18,6,30.055,60.825,109.53
18,7,30.065,60.825,108.756
18,8,30.075,60.825,107.995
18,9,30.085,60.825,107.403
18,10,30.095,60.825,107.101
18,11,30.105,60.825,107.149
18,12,30.115,60.825,107.537
18,13,30.125,60.825,108.187
18,14,30.135,60.825,108.968
18,15,30.145,60.825,109.72
18,16,30.155,60.825,110.29
18,17,30.165,60.825,110.564
18,18,30.175,60.825,110.485
18,19,30.185,60.825,110.069
18,20,30.195,60.825,109.402
18,21,30.205,60.825,108.618
18,22,30.215,60.825,107.877
18,23,30.225,60.825,107.329
18,24,30.235,60.825,107.086
18,25,30.245,60.825,107.196
18,26,30.255,60.825,107.639
18,27,30.265,60.825,108.323
18,28,30.275,60.825,109.11
18,29,30.285,60.825,109.84
18,30,30.295,60.825,110.365
18,31,30.305,60.825,110.578
18,32,30.315,60.825,110.437
18,33,30.325,60.825,109.969
18,34,30.335,60.825,109.27
18,35,30.345,60.825,108.481
18,36,30.355,60.825,107.764
18,37,30.365,60.825,107.264
18,38,30.375,60.825,107.082
18,39,30.385,60.825,107.255
18,40,30.395,60.825,107.748
18,41,30.405,60.825,108.462
18,42,30.415,60.825,109.25
18,43,30.425,60.825,109.954
18,44,30.435,60.825,110.43
18,45,30.445,60.825,110.582
18,46,30.455,60.825,110.378
18,47,30.465,60.825,109.861
18,48,30.475,60.825,109.134
18,49,30.485,60.825,108.347
18,50,30.495,60.825,107.659
18,51,30.505,60.825,107.209
18,52,30.515,60.825,107.089
18,53,30.525,60.825,107.323
18,54,30.535,60.825,107.865
18,55,30.545,60.825,108.603
18,56,30.555,60.825,109.388
18,57,30.565,60.825,110.061
18,58,30.575,60.825,110.485
18,59,30.585,60.825,110.574
18,60,30.595,60.825,110.31
18,61,30.605,60.825,109.746
18,62,30.615,60.825,108.997
18,63,30.625,60.825,108.216
18,64,30.635,60.825,107.561
18,65,30.645,60.825,107.164
18,66,30.655,60.825,107.107
18,67,30.665,60.825,107.402
18,68,30.675,60.825,107.987
18,69,30.685,60.825,108.746
18,70,30.695,60.825,109.522
18,71,30.705,60.825,110.16
18,72,30.715,60.825,110.529
18,73,30.725,60.825,110.555
18,74,30.735,60.825,110.231
18,75,30.745,60.825,109.625
18,76,30.755,60.825,108.859
18,77,30.765,60.825,108.089
18,78,30.775,60.825,107.471
18,79,30.785,60.825,107.131
18,80,30.795,60.825,107.137
18,81,30.805,60.825,107.489
18,82,30.815,60.825,108.116
18,83,30.825,60.825,108.889
18,84,30.835,60.825,109.652
18,85,30.845,60.825,110.25
18,86,30.855,60.825,110.562
18,87,30.865,60.825,110.524
18,88,30.875,60.825,110.144
18,89,30.885,60.825,109.5
18,90,30.895,60.825,108.721
18,91,30.905,60.825,107.967
18,92,30.915,60.825,107.39
18,93,30.925,60.825,107.108
18,94,30.935,60.825,107.178
18,95,30.945,60.825,107.586
18,96,30.955,60.825,108.249
18,97,30.965,60.825,109.032
18,98,30.975,60.825,109.777
18,99,30.985,60.825,110.332
18,100,30.995,60.825,110.584
19,1,30.005,60.815,109.415
19,2,30.015,60.815,110.027
19,3,30.025,60.815,110.359
19,4,30.035,60.815,110.344
19,5,30.045,60.815,109.983
19,6,30.055,60.815,109.352
19,7,30.065,60.815,108.577
19,8,30.075,60.815,107.817
19,9,30.085,60.815,107.225
19,10,30.095,60.815,106.922
19,11,30.105,60.815,106.97
19,12,30.115,60.815,107.359
19,13,30.125,60.815,108.009
19,14,30.135,60.815,108.789
19,15,30.145,60.815,109.541
19,16,30.155,60.815,110.112
19,17,30.165,60.815,110.385
19,18,30.175,60.815,110.306
19,19,30.185,60.815,109.891
19,20,30.195,60.815,109.223
19,21,30.205,60.815,108.439
19,22,30.215,60.815,107.698
19,23,30.225,60.815,107.15
19,24,30.235,60.815,106.907
19,25,30.245,60.815,107.018
19,26,30.255,60.815,107.46
19,27,30.265,60.815,108.145
19,28,30.275,60.815,108.932
19,29,30.285,60.815,109.662
19,30,30.295,60.815,110.187
19,31,30.305,60.815,110.4
19,32,30.315,60.815,110.258
19,33,30.325,60.815,109.79
19,34,30.335,60.815,109.091
19,35,30.345,60.815,108.303
19,36,30.355,60.815,107.586
19,37,30.365,60.815,107.085
19,38,30.375,60.815,106.903
19,39,30.385,60.815,107.076
19,40,30.395,60.815,107.57
19,41,30.405,60.815,108.283
19,42,30.415,60.815,109.072
19,43,30.425,60.815,109.776
19,44,30.435,60.815,110.252
19,45,30.445,60.815,110.403
19,46,30.455,60.815,110.2
19,47,30.465,60.815,109.682
19,48,30.475,60.815,108.956
19,49,30.485,60.815,108.169
19,50,30.495,60.815,107.48
19,51,30.505,60.815,107.03
19,52,30.515,60.815,106.91
19,53,30.525,60.815,107.145
19,54,30.535,60.815,107.686
19,55,30.545,60.815,108.425
19,56,30.555,60.815,109.21
19,57,30.565,60.815,109.883
19,58,30.575,60.815,110.307
19,59,30.585,60.815,110.395
19,60,30.595,60.815,110.131
19,61,30.605,60.815,109.568
19,62,30.615,60.815,108.819
19,63,30.625,60.815,108.038
19,64,30.635,60.815,107.382
19,65,30.645,60.815,106.986
19,66,30.655,60.815,106.929
19,67,30.665,60.815,107.223
19,68,30.675,60.815,107.809
19,69,30.685,60.815,108.567
19,70,30.695,60.815,109.344
19,71,30.705,60.815,109.982
19,72,30.715,60.815,110.351
19,73,30.725,60.815,110.376
19,74,30.735,60.815,110.053
19,75,30.745,60.815,109.447
19,76,30.755,60.815,108.681
19,77,30.765,60.815,107.911
19,78,30.775,60.815,107.293
19,79,30.785,60.815,106.952
19,80,30.795,60.815,106.959
19,81,30.805,60.815,107.311
19,82,30.815,60.815,107.937
19,83,30.825,60.815,108.71
19,84,30.835,60.815,109.474
19,85,30.845,60.815,110.072
19,86,30.855,60.815,110.384
19,87,30.865,60.815,110.346
19,88,30.875,60.815,109.966
19,89,30.885,60.815,109.321
19,90,30.895,60.815,108.543
19,91,30.905,60.815,107.789
19,92,30.915,60.815,107.212
19,93,30.925,60.815,106.93
19,94,30.935,60.815,107.0
19,95,30.945,60.815,107.407
19,96,30.955,60.815,108.07
19,97,30.965,60.815,108.853
19,98,30.975,60.815,109.598
19,99,30.985,60.815,110.153
19,100,30.995,60.815,110.406
20,1,30.005,60.805,109.147
20,2,30.015,60.805,109.76
20,3,30.025,60.805,110.092
20,4,30.035,60.805,110.076
20,5,30.045,60.805,109.716
20,6,30.055,60.805,109.085
20,7,30.065,60.805,108.31
20,8,30.075,60.805,107.549
20,9,30.085,60.805,106.958
20,10,30.095,60.805,106.655
20,11,30.105,60.805,106.703
20,12,30.115,60.805,107.091
20,13,30.125,60.805,107.742
20,14,30.135,60.805,108.522
20,15,30.145,60.805,109.274
20,16,30.155,60.805,109.844
20,17,30.165,60.805,110.118
20,18,30.175,60.805,110.039
20,19,30.185,60.805,109.624
20,20,30.195,60.805,108.956
20,21,30.205,60.805,108.172
20,22,30.215,60.805,107.431
20,23,30.225,60.805,106.883
20,24,30.235,60.805,106.64
20,25,30.245,60.805,106.751
20,26,30.255,60.805,107.193
20,27,30.265,60.805,107.877
20,28,30.275,60.805,108.664
20,29,30.285,60.805,109.394
20,30,30.295,60.805,109.919
20,31,30.305,60.805,110.133
20,32,30.315,60.805,109.991
20,33,30.325,60.805,109.523
20,34,30.335,60.805,108.824
20,35,30.345,60.805,108.036
20,36,30.355,60.805,107.318
20,37,30.365,60.805,106.818
20,38,30.375,60.805,106.636
20,39,30.385,60.805,106.809
20,40,30.395,60.805,107.303
20,41,30.405,60.805,108.016
20,42,30.415,60.805,108.805
20,43,30.425,60.805,109.509
20,44,30.435,60.805,109.985
20,45,30.445,60.805,110.136
20,46,30.455,60.805,109.932
20,47,30.465,60.805,109.415
20,48,30.475,60.805,108.689
20,49,30.485,60.805,107.901
20,50,30.495,60.805,107.213
20,51,30.505,60.805,106.763
20,52,30.515,60.805,106.643
20,53,30.525,60.805,106.878
20,54,30.535,60.805,107.419
20,55,30.545,60.805,108.157
20,56,30.555,60.805,108.943
20,57,30.565,60.805,109.615
20,58,30.575,60.805,110.039
20,59,30.585,60.805,110.128
20,60,30.595,60.805,109.864
20,61,30.605,60.805,109.3
20,62,30.615,60.805,108.552
20,63,30.625,60.805,107.77
20,64,30.635,60.805,107.115
20,65,30.645,60.805,106.719
20,66,30.655,60.805,106.662
20,67,30.665,60.805,106.956
20,68,30.675,60.805,107.542
20,69,30.685,60.805,108.3
20,70,30.695,60.805,109.077
20,71,30.705,60.805,109.714
20,72,30.715,60.805,110.083
20,73,30.725,60.805,110.109
20,74,30.735,60.805,109.786
20,75,30.745,60.805,109.18
20,76,30.755,60.805,108.414
20,77,30.765,60.805,107.643
20,78,30.775,60.805,107.025
20,79,30.785,60.805,106.685
20,80,30.795,60.805,106.692
20,81,30.805,60.805,107.044
20,82,30.815,60.805,107.67
20,83,30.825,60.805,108.443
20,84,30.835,60.805,109.206
20,85,30.845,60.805,109.805
20,86,30.855,60.805,110.116
20,87,30.865,60.805,110.079
20,88,30.875,60.805,109.699
20,89,30.885,60.805,109.054
20,90,30.895,60.805,108.276
20,91,30.905,60.805,107.521
20,92,30.915,60.805,106.945
20,93,30.925,60.805,106.663
20,94,30.935,60.805,106.732
20,95,30.945,60.805,107.14
20,96,30.955,60.805,107.803
20,97,30.965,60.805,108.586
20,98,30.975,60.805,109.331
20,99,30.985,60.805,109.886
20,100,30.995,60.805,110.138
21,1,30.005,60.795,108.827
21,2,30.015,60.795,109.44
21,3,30.025,60.795,109.772
21,4,30.035,60.795,109.756
21,5,30.045,60.795,109.396
21,6,30.055,60.795,108.764
21,7,30.065,60.795,107.99
21,8,30.075,60.795,107.229
21,9,30.085,60.795,106.638
21,10,30.095,60.795,106.335
21,11,30.105,60.795,106.383
21,12,30.115,60.795,106.771
21,13,30.125,60.795,107.422
21,14,30.135,60.795,108.202
21,15,30.145,60.795,108.954
21,16,30.155,60.795,109.524
21,17,30.165,60.795,109.798
21,18,30.175,60.795,109.719
21,19,30.185,60.795,109.303
21,20,30.195,60.795,108.636
21,21,30.205,60.795,107.852
21,22,30.215,60.795,107.111
21,23,30.225,60.795,106.563
21,24,30.235,60.795,106.32
21,25,30.245,60.795,106.431
21,26,30.255,60.795,106.873
21,27,30.265,60.795,107.557
21,28,30.275,60.795,108.344
21,29,30.285,60.795,109.074
21,30,30.295,60.795,109.599
21,31,30.305,60.795,109.813
21,32,30.315,60.795,109.671
21,33,30.325,60.795,109.203
21,34,30.335,60.795,108.504
21,35,30.345,60.795,107.716
21,36,30.355,60.795,106.998
21,37,30.365,60.795,106.498
21,38,30.375,60.795,106.316
21,39,30.385,60.795,106.489
21,40,30.395,60.795,106.982
21,41,30.405,60.795,107.696
21,42,30.415,60.795,108.485
21,43,30.425,60.795,109.189
21,44,30.435,60.795,109.664
21,45,30.445,60.795,109.816
21,46,30.455,60.795,109.612
21,47,30.465,60.795,109.095
21,48,30.475,60.795,108.369
21,49,30.485,60.795,107.581
21,50,30.495,60.795,106.893
21,51,30.505,60.795,106.443
21,52,30.515,60.795,106.323
21,53,30.525,60.795,106.558
21,54,30.535,60.795,107.099
21,55,30.545,60.795,107.837
21,56,30.555,60.795,108.622
21,57,30.565,60.795,109.295
21,58,30.575,60.795,109.719
21,59,30.585,60.795,109.808
21,60,30.595,60.795,109.544
21,61,30.605,60.795,108.98
21,62,30.615,60.795,108.232
21,63,30.625,60.795,107.45
21,64,30.635,60.795,106.795
21,65,30.645,60.795,106.399
21,66,30.655,60.795,106.342
21,67,30.665,60.795,106.636
21,68,30.675,60.795,107.222
21,69,30.685,60.795,107.98
21,70,30.695,60.795,108.757
21,71,30.705,60.795,109.394
21,72,30.715,60.795,109.763
21,73,30.725,60.795,109.789
21,74,30.735,60.795,109.466
21,75,30.745,60.795,108.86
21,76,30.755,60.795,108.094
21,77,30.765,60.795,107.323
21,78,30.775,60.795,106.705
21,79,30.785,60.795,106.365
21,80,30.795,60.795,106.372
21,81,30.805,60.795,106.724
21,82,30.815,60.795,107.35
21,83,30.825,60.795,108.123
21,84,30.835,60.795,108.886
21,85,30.845,60.795,109.485
21,86,30.855,60.795,109.796
21,87,30.865,60.795,109.759
21,88,30.875,60.795,109.379
21,89,30.885,60.795,108.734
21,90,30.895,60.795,107.956
21,91,30.905,60.795,107.201
21,92,30.915,60.795,106.625
21,93,30.925,60.795,106.342
21,94,30.935,60.795,106.412
21,95,30.945,60.795,106.82
21,96,30.955,60.795,107.483
21,97,30.965,60.795,108.266
21,98,30.975,60.795,109.011
21,99,30.985,60.795,109.566
21,100,30.995,60.795,109.818
22,1,30.005,60.785,108.498
22,2,30.015,60.785,109.111
22,3,30.025,60.785,109.443
22,4,30.035,60.785,109.427
22,5,30.045,60.785,109.067
22,6,30.055,60.785,108.435
22,7,30.065,60.785,107.66
22,8,30.075,60.785,106.9
22,9,30.085,60.785,106.308
22,10,30.095,60.785,106.006
22,11,30.105,60.785,106.053
22,12,30.115,60.785,106.442
22,13,30.125,60.785,107.092
22,14,30.135,60.785,107.873
22,15,30.145,60.785,108.624
22,16,30.155,60.785,109.195
22,17,30.165,60.785,109.469
22,18,30.175,60.785,109.39
22,19,30.185,60.785,108.974
22,20,30.195,60.785,108.307
22,21,30.205,60.785,107.523
22,22,30.215,60.785,106.781
22,23,30.225,60.785,106.234
22,24,30.235,60.785,105.99
22,25,30.245,60.785,106.101
22,26,30.255,60.785,106.544
22,27,30.265,60.785,107.228
22,28,30.275,60.785,108.015
22,29,30.285,60.785,108.745
22,30,30.295,60.785,109.27
22,31,30.305,60.785,109.483
22,32,30.315,60.785,109.341
22,33,30.325,60.785,108.873
22,34,30.335,60.785,108.174
22,35,30.345,60.785,107.386
22,36,30.355,60.785,106.669
22,37,30.365,60.785,106.169
22,38,30.375,60.785,105.986
22,39,30.385,60.785,106.16
22,40,30.395,60.785,106.653
22,41,30.405,60.785,107.367
22,42,30.415,60.785,108.155
22,43,30.425,60.785,108.859
22,44,30.435,60.785,109.335
22,45,30.445,60.785,109.487
22,46,30.455,60.785,109.283
22,47,30.465,60.785,108.765
22,48,30.475,60.785,108.039
22,49,30.485,60.785,107.252
22,50,30.495,60.785,106.564
22,51,30.505,60.785,106.114
22,52,30.515,60.785,105.994
22,53,30.525,60.785,106.228
22,54,30.535,60.785,106.77
22,55,30.545,60.785,107.508
22,56,30.555,60.785,108.293
22,57,30.565,60.785,108.966
22,58,30.575,60.785,109.39
22,59,30.585,60.785,109.479
22,60,30.595,60.785,109.214
22,61,30.605,60.785,108.651
22,62,30.615,60.785,107.902
22,63,30.625,60.785,107.121
22,64,30.635,60.785,106.466
22,65,30.645,60.785,106.069
22,66,30.655,60.785,106.012
22,67,30.665,60.785,106.307
22,68,30.675,60.785,106.892
22,69,30.685,60.785,107.65
22,70,30.695,60.785,108.427
22,71,30.705,60.785,109.065
22,72,30.715,60.785,109.434
22,73,30.725,60.785,109.459
22,74,30.735,60.785,109.136
22,75,30.745,60.785,108.53
22,76,30.755,60.785,107.764
22,77,30.765,60.785,106.994
22,78,30.775,60.785,106.376
22,79,30.785,60.785,106.036
22,80,30.795,60.785,106.042
22,81,30.805,60.785,106.394
22,82,30.815,60.785,107.021
22,83,30.825,60.785,107.794
22,84,30.835,60.785,108.557
22,85,30.845,60.785,109.155
22,86,30.855,60.785,109.467
22,87,30.865,60.785,109.429
22,88,30.875,60.785,109.049
22,89,30.885,60.785,108.405
22,90,30.895,60.785,107.626
22,91,30.905,60.785,106.872
22,92,30.915,60.785,106.295
22,93,30.925,60.785,106.013
22,94,30.935,60.785,106.083
22,95,30.945,60.785,106.491
22,96,30.955,60.785,107.153
22,97,30.965,60.785,107.937
22,98,30.975,60.785,108.681
22,99,30.985,60.785,109.236
22,100,30.995,60.785,109.489
23,1,30.005,60.775,108.204
23,2,30.015,60.775,108.817
23,3,30.025,60.775,109.149
23,4,30.035,60.775,109.133
23,5,30.045,60.775,108.773
23,6,30.055,60.775,108.141
23,7,30.065,60.775,107.366
23,8,30.075,60.775,106.606
23,9,30.085,60.775,106.014
23,10,30.095,60.775,105.712
23,11,30.105,60.775,105.759
23,12,30.115,60.775,106.148
23,13,30.125,60.775,106.798
23,14,30.135,60.775,107.579
23,15,30.145,60.775,108.331
23,16,30.155,60.775,108.901
23,17,30.165,60.775,109.175
23,18,30.175,60.775,109.096
23,19,30.185,60.775,108.68
23,20,30.195,60.775,108.013
23,21,30.205,60.775,107.229
23,22,30.215,60.775,106.488
23,23,30.225,60.775,105.94
23,24,30.235,60.775,105.696
23,25,30.245,60.775,105.807
23,26,30.255,60.775,106.25
23,27,30.265,60.775,106.934
23,28,30.275,60.775,107.721
23,29,30.285,60.775,108.451
23,30,30.295,60.775,108.976
23,31,30.305,60.775,109.189
23,32,30.315,60.775,109.047
23,33,30.325,60.775,108.58
23,34,30.335,60.775,107.88
23,35,30.345,60.775,107.092
23,36,30.355,60.775,106.375
23,37,30.365,60.775,105.875
23,38,30.375,60.775,105.692
23,39,30.385,60.775,105.866
23,40,30.395,60.775,106.359
23,41,30.405,60.775,107.073
23,42,30.415,60.775,107.861
23,43,30.425,60.775,108.565
23,44,30.435,60.775,109.041
23,45,30.445,60.775,109.193
23,46,30.455,60.775,108.989
23,47,30.465,60.775,108.472
23,48,30.475,60.775,107.745
23,49,30.485,60.775,106.958
23,50,30.495,60.775,106.27
23,51,30.505,60.775,105.82
23,52,30.515,60.775,105.7
23,53,30.525,60.775,105.934
23,54,30.535,60.775,106.476
23,55,30.545,60.775,107.214
23,56,30.555,60.775,107.999
23,57,30.565,60.775,108.672
23,58,30.575,60.775,109.096
23,59,30.585,60.775,109.185
23,60,30.595,60.775,108.92
23,61,30.605,60.775,108.357
23,62,30.615,60.775,107.608
23,63,30.625,60.775,106.827
23,64,30.635,60.775,106.172
23,65,30.645,60.775,105.775
23,66,30.655,60.775,105.718
23,67,30.665,60.775,106.013
23,68,30.675,60.775,106.598
23,69,30.685,60.775,107.357
23,70,30.695,60.775,108.133
23,71,30.705,60.775,108.771
23,72,30.715,60.775,109.14
23,73,30.725,60.775,109.166
23,74,30.735,60.775,108.842
23,75,30.745,60.775,108.236
23,76,30.755,60.775,107.47
23,77,30.765,60.775,106.7
23,78,30.775,60.775,106.082
23,79,30.785,60.775,105.742
23,80,30.795,60.775,105.748
23,81,30.805,60.775,106.1
23,82,30.815,60.775,106.727
23,83,30.825,60.775,107.5
23,84,30.835,60.775,108.263
23,85,30.845,60.775,108.861
23,86,30.855,60.775,109.173
23,87,30.865,60.775,109.135
23,88,30.875,60.775,108.755
23,89,30.885,60.775,108.111
23,90,30.895,60.775,107.332
23,91,30.905,60.775,106.578
23,92,30.915,60.775,106.001
23,93,30.925,60.775,105.719
23,94,30.935,60.775,105.789
23,95,30.945,60.775,106.197
23,96,30.955,60.775,106.859
23,97,30.965,60.775,107.643
23,98,30.975,60.775,108.387
23,99,30.985,60.775,108.942
23,100,30.995,60.775,109.195
24,1,30.005,60.765,107.985
24,2,30.015,60.765,108.598
24,3,30.025,60.765,108.93
24,4,30.035,60.765,108.914
24,5,30.045,60.765,108.554
24,6,30.055,60.765,107.922
24,7,30.065,60.765,107.148
24,8,30.075,60.765,106.387
24,9,30.085,60.765,105.796
24,10,30.095,60.765,105.493
24,11,30.105,60.765,105.541
24,12,30.115,60.765,105.929
24,13,30.125,60.765,106.58
24,14,30.135,60.765,107.36
24,15,30.145,60.765,108.112
24,16,30.155,60.765,108.682
24,17,30.165,60.765,108.956
24,18,30.175,60.765,108.877
24,19,30.185,60.765,108.461
24,20,30.195,60.765,107.794
24,21,30.205,60.765,107.01
24,22,30.215,60.765,106.269
24,23,30.225,60.765,105.721
24,24,30.235,60.765,105.478
24,25,30.245,60.765,105.589
24,26,30.255,60.765,106.031
24,27,30.265,60.765,106.715
24,28,30.275,60.765,107.502
24,29,30.285,60.765,108.232
24,30,30.295,60.765,108.757
24,31,30.305,60.765,108.971
24,32,30.315,60.765,108.829
24,33,30.325,60.765,108.361
24,34,30.335,60.765,107.662
24,35,30.345,60.765,106.874
24,36,30.355,60.765,106.156
24,37,30.365,60.765,105.656
24,38,30.375,60.765,105.474
24,39,30.385,60.765,105.647
24,40,30.395,60.765,106.14
24,41,30.405,60.765,106.854
24,42,30.415,60.765,107.643
24,43,30.425,60.765,108.347
24,44,30.435,60.765,108.822
24,45,30.445,60.765,108.974
24,46,30.455,60.765,108.77
24,47,30.465,60.765,108.253
24,48,30.475,60.765,107.527
24,49,30.485,60.765,106.739
24,50,30.495,60.765,106.051
24,51,30.505,60.765,105.601
24,52,30.515,60.765,105.481
24,53,30.525,60.765,105.716
24,54,30.535,60.765,106.257
24,55,30.545,60.765,106.995
24,56,30.555,60.765,107.78
24,57,30.565,60.765,108.453
24,58,30.575,60.765,108.877
24,59,30.585,60.765,108.966
24,60,30.595,60.765,108.702
24,61,30.605,60.765,108.138
24,62,30.615,60.765,107.39
24,63,30.625,60.765,106.608
24,64,30.635,60.765,105.953
24,65,30.645,60.765,105.557
24,66,30.655,60.765,105.5
24,67,30.665,60.765,105.794
24,68,30.675,60.765,106.38
24,69,30.685,60.765,107.138
24,70,30.695,60.765,107.915
24,71,30.705,60.765,108.552
24,72,30.715,60.765,108.921
24,73,30.725,60.765,108.947
24,74,30.735,60.765,108.624
24,75,30.745,60.765,108.018
24,76,30.755,60.765,107.252
24,77,30.765,60.765,106.481
24,78,30.775,60.765,105.863
24,79,30.785,60.765,105.523
24,80,30.795,60.765,105.53
24,81,30.805,60.765,105.882
24,82,30.815,60.765,106.508
24,83,30.825,60.765,107.281
24,84,30.835,60.765,108.044
24,85,30.845,60.765,108.643
24,86,30.855,60.765,108.954
24,87,30.865,60.765,108.917
24,88,30.875,60.765,108.537
24,89,30.885,60.765,107.892
24,90,30.895,60.765,107.114
24,91,30.905,60.765,106.359
24,92,30.915,60.765,105.783
24,93,30.925,60.765,105.5
24,94,30.935,60.765,105.57
24,95,30.945,60.765,105.978
24,96,30.955,60.765,106.641
24,97,30.965,60.765,107.424
24,98,30.975,60.765,108.169
24,99,30.985,60.765,108.724
24,100,30.995,60.765,108.976
25,1,30.005,60.755,107.872
25,2,30.015,60.755,108.484
25,3,30.025,60.755,108.816
25,4,30.035,60.755,108.801
25,5,30.045,60.755,108.44
25,6,30.055,60.755,107.809
25,7,30.065,60.755,107.034
25,8,30.075,60.755,106.274
25,9,30.085,60.755,105.682
25,10,30.095,60.755,105.379
25,11,30.105,60.755,105.427
25,12,30.115,60.755,105.816
25,13,30.125,60.755,106.466
25,14,30.135,60.755,107.246
25,15,30.145,60.755,107.998
25,16,30.155,60.755,108.569
25,17,30.165,60.755,108.842
25,18,30.175,60.755,108.763
25,19,30.185,60.755,108.348
25,20,30.195,60.755,107.68
25,21,30.205,60.755,106.896
25,22,30.215,60.755,106.155
25,23,30.225,60.755,105.607
25,24,30.235,60.755,105.364
25,25,30.245,60.755,105.475
25,26,30.255,60.755,105.917
25,27,30.265,60.755,106.601
25,28,30.275,60.755,107.389
25,29,30.285,60.755,108.119
25,30,30.295,60.755,108.644
25,31,30.305,60.755,108.857
25,32,30.315,60.755,108.715
25,33,30.325,60.755,108.247
25,34,30.335,60.755,107.548
25,35,30.345,60.755,106.76
25,36,30.355,60.755,106.043
25,37,30.365,60.755,105.542
25,38,30.375,60.755,105.36
25,39,30.385,60.755,105.533
25,40,30.395,60.755,106.027
25,41,30.405,60.755,106.74
25,42,30.415,60.755,107.529
25,43,30.425,60.755,108.233
25,44,30.435,60.755,108.709
25,45,30.445,60.755,108.86
25,46,30.455,60.755,108.657
25,47,30.465,60.755,108.139
25,48,30.475,60.755,107.413
25,49,30.485,60.755,106.626
25,50,30.495,60.755,105.937
25,51,30.505,60.755,105.487
25,52,30.515,60.755,105.367
25,53,30.525,60.755,105.602
25,54,30.535,60.755,106.143
25,55,30.545,60.755,106.881
25,56,30.555,60.755,107.667
25,57,30.565,60.755,108.34
25,58,30.575,60.755,108.763
25,59,30.585,60.755,108.852
25,60,30.595,60.755,108.588
25,61,30.605,60.755,108.024
25,62,30.615,60.755,107.276
25,63,30.625,60.755,106.495
25,64,30.635,60.755,105.839
25,65,30.645,60.755,105.443
25,66,30.655,60.755,105.386
25,67,30.665,60.755,105.68
25,68,30.675,60.755,106.266
25,69,30.685,60.755,107.024
25,70,30.695,60.755,107.801
25,71,30.705,60.755,108.438
25,72,30.715,60.755,108.808
25,73,30.725,60.755,108.833
25,74,30.735,60.755,108.51
25,75,30.745,60.755,107.904
25,76,30.755,60.755,107.138
25,77,30.765,60.755,106.368
25,78,30.775,60.755,105.75
25,79,30.785,60.755,105.409
25,80,30.795,60.755,105.416
25,81,30.805,60.755,105.768
25,82,30.815,60.755,106.394
25,83,30.825,60.755,107.167
25,84,30.835,60.755,107.931
25,85,30.845,60.755,108.529
25,86,30.855,60.755,108.841
25,87,30.865,60.755,108.803
25,88,30.875,60.755,108.423
25,89,30.885,60.755,107.778
25,90,30.895,60.755,107.0
25,91,30.905,60.755,106.246
25,92,30.915,60.755,105.669
25,93,30.925,60.755,105.387
25,94,30.935,60.755,105.457
25,95,30.945,60.755,105.864
25,96,30.955,60.755,106.527
25,97,30.965,60.755,107.31
25,98,30.975,60.755,108.055
25,99,30.985,60.755,108.61
25,100,30.995,60.755,108.863
26,1,30.005,60.745,107.878
26,2,30.015,60.745,108.491
26,3,30.025,60.745,108.823
26,4,30.035,60.745,108.807
26,5,30.045,60.745,108.447
26,6,30.055,60.745,107.815
26,7,30.065,60.745,107.041
26,8,30.075,60.745,106.28
26,9,30.085,60.745,105.689
26,10,30.095,60.745,105.386
26,11,30.105,60.745,105.434
26,12,30.115,60.745,105.822
26,13,30.125,60.745,106.473
26,14,30.135,60.745,107.253
26,15,30.145,60.745,108.005
26,16,30.155,60.745,108.575
26,17,30.165,60.745,108.849
26,18,30.175,60.745,108.77
26,19,30.185,60.745,108.354
26,20,30.195,60.745,107.687
26,21,30.205,60.745,106.903
26,22,30.215,60.745,106.162
26,23,30.225,60.745,105.614
26,24,30.235,60.745,105.371
26,25,30.245,60.745,105.481
26,26,30.255,60.745,105.924
26,27,30.265,60.745,106.608
26,28,30.275,60.745,107.395
26,29,30.285,60.745,108.125
26,30,30.295,60.745,108.65
26,31,30.305,60.745,108.863
26,32,30.315,60.745,108.722
26,33,30.325,60.745,108.254
26,34,30.335,60.745,107.555
26,35,30.345,60.745,106.766
26,36,30.355,60.745,106.049
26,37,30.365,60.745,105.549
26,38,30.375,60.745,105.367
26,39,30.385,60.745,105.54
26,40,30.395,60.745,106.033
26,41,30.405,60.745,106.747
26,42,30.415,60.745,107.536
26,43,30.425,60.745,108.239
26,44,30.435,60.745,108.715
26,45,30.445,60.745,108.867
26,46,30.455,60.745,108.663
26,47,30.465,60.745,108.146
26,48,30.475,60.745,107.42
26,49,30.485,60.745,106.632
26,50,30.495,60.745,105.944
26,51,30.505,60.745,105.494
26,52,30.515,60.745,105.374
26,53,30.525,60.745,105.609
26,54,30.535,60.745,106.15
26,55,30.545,60.745,106.888
26,56,30.555,60.745,107.673
26,57,30.565,60.745,108.346
26,58,30.575,60.745,108.77
26,59,30.585,60.745,108.859
26,60,30.595,60.745,108.595
26,61,30.605,60.745,108.031
26,62,30.615,60.745,107.283
26,63,30.625,60.745,106.501
26,64,30.635,60.745,105.846
26,65,30.645,60.745,105.449
26,66,30.655,60.745,105.393
26,67,30.665,60.745,105.687
26,68,30.675,60.745,106.273
26,69,30.685,60.745,107.031
26,70,30.695,60.745,107.808
26,71,30.705,60.745,108.445
26,72,30.715,60.745,108.814
26,73,30.725,60.745,108.84
26,74,30.735,60.745,108.517
26,75,30.745,60.745,107.911
26,76,30.755,60.745,107.145
26,77,30.765,60.745,106.374
26,78,30.775,60.745,105.756
26,79,30.785,60.745,105.416
26,80,30.795,60.745,105.422
26,81,30.805,60.745,105.775
26,82,30.815,60.745,106.401
26,83,30.825,60.745,107.174
26,84,30.835,60.745,107.937
26,85,30.845,60.745,108.535
26,86,30.855,60.745,108.847
26,87,30.865,60.745,108.809
26,88,30.875,60.745,108.43
26,89,30.885,60.745,107.785
26,90,30.895,60.745,107.006
26,91,30.905,60.745,106.252
26,92,30.915,60.745,105.675
26,93,30.925,60.745,105.393
26,94,30.935,60.745,105.463
26,95,30.945,60.745,105.871
26,96,30.955,60.745,106.534
26,97,30.965,60.745,107.317
26,98,30.975,60.745,108.062
26,99,30.985,60.745,108.617
26,100,30.995,60.745,108.869
27,1,30.005,60.735,108.004
27,2,30.015,60.735,108.617
27,3,30.025,60.735,108.949
27,4,30.035,60.735,108.933
27,5,30.045,60.735,108.573
27,6,30.055,60.735,107.941
27,7,30.065,60.735,107.167
27,8,30.075,60.735,106.406
27,9,30.085,60.735,105.815
27,10,30.095,60.735,105.512
27,11,30.105,60.735,105.56
27,12,30.115,60.735,105.948
27,13,30.125,60.735,106.599
27,14,30.135,60.735,107.379
27,15,30.145,60.735,108.131
27,16,30.155,60.735,108.701
27,17,30.165,60.735,108.975
27,18,30.175,60.735,108.896
27,19,30.185,60.735,108.481
27,20,30.195,60.735,107.813
27,21,30.205,60.735,107.029
27,22,30.215,60.735,106.288
27,23,30.225,60.735,105.74
27,24,30.235,60.735,105.497
27,25,30.245,60.735,105.608
27,26,30.255,60.735,106.05
27,27,30.265,60.735,106.734
27,28,30.275,60.735,107.521
27,29,30.285,60.735,108.251
27,30,30.295,60.735,108.776
27,31,30.305,60.735,108.99
27,32,30.315,60.735,108.848
27,33,30.325,60.735,108.38
27,34,30.335,60.735,107.681
27,35,30.345,60.735,106.893
27,36,30.355,60.735,106.175
27,37,30.365,60.735,105.675
27,38,30.375,60.735,105.493
27,39,30.385,60.735,105.666
27,40,30.395,60.735,106.16
27,41,30.405,60.735,106.873
27,42,30.415,60.735,107.662
27,43,30.425,60.735,108.366
27,44,30.435,60.735,108.841
27,45,30.445,60.735,108.993
27,46,30.455,60.735,108.789
27,47,30.465,60.735,108.272
27,48,30.475,60.735,107.546
27,49,30.485,60.735,106.758
27,50,30.495,60.735,106.07
27,51,30.505,60.735,105.62
27,52,30.515,60.735,105.5
27,53,30.525,60.735,105.735
27,54,30.535,60.735,106.276
27,55,30.545,60.735,107.014
27,56,30.555,60.735,107.799
27,57,30.565,60.735,108.472
27,58,30.575,60.735,108.896
27,59,30.585,60.735,108.985
27,60,30.595,60.735,108.721
27,61,30.605,60.735,108.157
27,62,30.615,60.735,107.409
27,63,30.625,60.735,106.627
27,64,30.635,60.735,105.972
27,65,30.645,60.735,105.576
27,66,30.655,60.735,105.519
27,67,30.665,60.735,105.813
27,68,30.675,60.735,106.399
27,69,30.685,60.735,107.157
27,70,30.695,60.735,107.934
27,71,30.705,60.735,108.571
27,72,30.715,60.735,108.94
27,73,30.725,60.735,108.966
27,74,30.735,60.735,108.643
27,75,30.745,60.735,108.037
27,76,30.755,60.735,107.271
27,77,30.765,60.735,106.5
27,78,30.775,60.735,105.882
27,79,30.785,60.735,105.542
27,80,30.795,60.735,105.549
27,81,30.805,60.735,105.901
27,82,30.815,60.735,106.527
27,83,30.825,60.735,107.3
27,84,30.835,60.735,108.063
27,85,30.845,60.735,108.662
27,86,30.855,60.735,108.973
27,87,30.865,60.735,108.936
27,88,30.875,60.735,108.556
27,89,30.885,60.735,107.911
27,90,30.895,60.735,107.133
27,91,30.905,60.735,106.378
27,92,30.915,60.735,105.802
27,93,30.925,60.735,105.519
27,94,30.935,60.735,105.589
27,95,30.945,60.735,105.997
27,96,30.955,60.735,106.66
27,97,30.965,60.735,107.443
27,98,30.975,60.735,108.188
27,99,30.985,60.735,108.743
27,100,30.995,60.735,108.995
28,1,30.005,60.725,108.233
28,2,30.015,60.725,108.845
28,3,30.025,60.725,109.178
28,4,30.035,60.725,109.162
28,5,30.045,60.725,108.802
28,6,30.055,60.725,108.17
28,7,30.065,60.725,107.395
28,8,30.075,60.725,106.635
28,9,30.085,60.725,106.043
28,10,30.095,60.725,105.741
28,11,30.105,60.725,105.788
28,12,30.115,60.725,106.177
28,13,30.125,60.725,106.827
28,14,30.135,60.725,107.608
28,15,30.145,60.725,108.359
28,16,30.155,60.725,108.93
28,17,30.165,60.725,109.204
28,18,30.175,60.725,109.125
28,19,30.185,60.725,108.709
28,20,30.195,60.725,108.042
28,21,30.205,60.725,107.258
28,22,30.215,60.725,106.516
28,23,30.225,60.725,105.969
28,24,30.235,60.725,105.725
28,25,30.245,60.725,105.836
28,26,30.255,60.725,106.279
28,27,30.265,60.725,106.963
28,28,30.275,60.725,107.75
28,29,30.285,60.725,108.48
28,30,30.295,60.725,109.005
28,31,30.305,60.725,109.218
28,32,30.315,60.725,109.076
28,33,30.325,60.725,108.608
28,34,30.335,60.725,107.909
28,35,30.345,60.725,107.121
28,36,30.355,60.725,106.404
28,37,30.365,60.725,105.903
28,38,30.375,60.725,105.721
28,39,30.385,60.725,105.895
28,40,30.395,60.725,106.388
28,41,30.405,60.725,107.102
28,42,30.415,60.725,107.89
28,43,30.425,60.725,108.594
28,44,30.435,60.725,109.07
28,45,30.445,60.725,109.222
28,46,30.455,60.725,109.018
28,47,30.465,60.725,108.5
28,48,30.475,60.725,107.774
28,49,30.485,60.725,106.987
28,50,30.495,60.725,106.298
28,51,30.505,60.725,105.849
28,52,30.515,60.725,105.729
28,53,30.525,60.725,105.963
28,54,30.535,60.725,106.505
28,55,30.545,60.725,107.243
28,56,30.555,60.725,108.028
28,57,30.565,60.725,108.701
28,58,30.575,60.725,109.125
28,59,30.585,60.725,109.214
28,60,30.595,60.725,108.949
28,61,30.605,60.725,108.386
28,62,30.615,60.725,107.637
28,63,30.625,60.725,106.856
28,64,30.635,60.725,106.201
28,65,30.645,60.725,105.804
28,66,30.655,60.725,105.747
28,67,30.665,60.725,106.042
28,68,30.675,60.725,106.627
28,69,30.685,60.725,107.385
28,70,30.695,60.725,108.162
28,71,30.705,60.725,108.8
28,72,30.715,60.725,109.169
28,73,30.725,60.725,109.194
28,74,30.735,60.725,108.871
28,75,30.745,60.725,108.265
28,76,30.755,60.725,107.499
28,77,30.765,60.725,106.729
28,78,30.775,60.725,106.111
28,79,30.785,60.725,105.771
28,80,30.795,60.725,105.777
28,81,30.805,60.725,106.129
28,82,30.815,60.725,106.755
28,83,30.825,60.725,107.529
28,84,30.835,60.725,108.292
28,85,30.845,60.725,108.89
28,86,30.855,60.725,109.202
28,87,30.865,60.725,109.164
28,88,30.875,60.725,108.784
28,89,30.885,60.725,108.14
28,90,30.895,60.725,107.361
28,91,30.905,60.725,106.607
28,92,30.915,60.725,106.03
28,93,30.925,60.725,105.748
28,94,30.935,60.725,105.818
28,95,30.945,60.725,106.226
28,96,30.955,60.725,106.888
28,97,30.965,60.725,107.672
28,98,30.975,60.725,108.416
28,99,30.985,60.725,108.971
28,100,30.995,60.725,109.224
29,1,30.005,60.715,108.533
29,2,30.015,60.715,109.145
29,3,30.025,60.715,109.478
29,4,30.035,60.715,109.462
29,5,30.045,60.715,109.102
29,6,30.055,60.715,108.47
29,7,30.065,60.715,107.695
29,8,30.075,60.715,106.935
29,9,30.085,60.715,106.343
29,10,30.095,60.715,106.041
29,11,30.105,60.715,106.088
29,12,30.115,60.715,106.477
29,13,30.125,60.715,107.127
29,14,30.135,60.715,107.908
29,15,30.145,60.715,108.659
29,16,30.155,60.715,109.23
29,17,30.165,60.715,109.503
29,18,30.175,60.715,109.424
29,19,30.185,60.715,109.009
29,20,30.195,60.715,108.342
29,21,30.205,60.715,107.558
29,22,30.215,60.715,106.816
29,23,30.225,60.715,106.269
29,24,30.235,60.715,106.025
29,25,30.245,60.715,106.136
29,26,30.255,60.715,106.579
29,27,30.265,60.715,107.263
29,28,30.275,60.715,108.05
29,29,30.285,60.715,108.78
29,30,30.295,60.715,109.305
29,31,30.305,60.715,109.518
29,32,30.315,60.715,109.376
29,33,30.325,60.715,108.908
29,34,30.335,60.715,108.209
29,35,30.345,60.715,107.421
29,36,30.355,60.715,106.704
29,37,30.365,60.715,106.203
29,38,30.375,60.715,106.021
29,39,30.385,60.715,106.195
29,40,30.395,60.715,106.688
29,41,30.405,60.715,107.402
29,42,30.415,60.715,108.19
29,43,30.425,60.715,108.894
29,44,30.435,60.715,109.37
29,45,30.445,60.715,109.522
29,46,30.455,60.715,109.318
29,47,30.465,60.715,108.8
29,48,30.475,60.715,108.074
29,49,30.485,60.715,107.287
29,50,30.495,60.715,106.598
29,51,30.505,60.715,106.149
29,52,30.515,60.715,106.029
29,53,30.525,60.715,106.263
29,54,30.535,60.715,106.804
29,55,30.545,60.715,107.543
29,56,30.555,60.715,108.328
29,57,30.565,60.715,109.001
29,58,30.575,60.715,109.425
29,59,30.585,60.715,109.514
29,60,30.595,60.715,109.249
29,61,30.605,60.715,108.686
29,62,30.615,60.715,107.937
29,63,30.625,60.715,107.156
29,64,30.635,60.715,106.501
29,65,30.645,60.715,106.104
29,66,30.655,60.715,106.047
29,67,30.665,60.715,106.342
29,68,30.675,60.715,106.927
29,69,30.685,60.715,107.685
29,70,30.695,60.715,108.462
29,71,30.705,60.715,109.1
29,72,30.715,60.715,109.469
29,73,30.725,60.715,109.494
29,74,30.735,60.715,109.171
29,75,30.745,60.715,108.565
29,76,30.755,60.715,107.799
29,77,30.765,60.715,107.029
29,78,30.775,60.715,106.411
29,79,30.785,60.715,106.071
29,80,30.795,60.715,106.077
29,81,30.805,60.715,106.429
29,82,30.815,60.715,107.055
29,83,30.825,60.715,107.829
29,84,30.835,60.715,108.592
29,85,30.845,60.715,109.19
29,86,30.855,60.715,109.502
29,87,30.865,60.715,109.464
29,88,30.875,60.715,109.084
29,89,30.885,60.715,108.44
29,90,30.895,60.715,107.661
29,91,30.905,60.715,106.907
29,92,30.915,60.715,106.33
29,93,30.925,60.715,106.048
29,94,30.935,60.715,106.118
29,95,30.945,60.715,106.526
29,96,30.955,60.715,107.188
29,97,30.965,60.715,107.972
29,98,30.975,60.715,108.716
29,99,30.985,60.715,109.271
29,100,30.995,60.715,109.524
30,1,30.005,60.705,108.864
30,2,30.015,60.705,109.476
30,3,30.025,60.705,109.808
30,4,30.035,60.705,109.793
30,5,30.045,60.705,109.432
30,6,30.055,60.705,108.801
30,7,30.065,60.705,108.026
30,8,30.075,60.705,107.266
30,9,30.085,60.705,106.674
30,10,30.095,60.705,106.371
30,11,30.105,60.705,106.419
30,12,30.115,60.705,106.808
30,13,30.125,60.705,107.458
30,14,30.135,60.705,108.238
30,15,30.145,60.705,108.99
30,16,30.155,60.705,109.561
30,17,30.165,60.705,109.834
30,18,30.175,60.705,109.755
30,19,30.185,60.705,109.34
30,20,30.195,60.705,108.672
30,21,30.205,60.705,107.888
30,22,30.215,60.705,107.147
30,23,30.225,60.705,106.599
30,24,30.235,60.705,106.356
30,25,30.245,60.705,106.467
30,26,30.255,60.705,106.909
30,27,30.265,60.705,107.594
30,28,30.275,60.705,108.381
30,29,30.285,60.705,109.111
30,30,30.295,60.705,109.636
30,31,30.305,60.705,109.849
30,32,30.315,60.705,109.707
30,33,30.325,60.705,109.239
30,34,30.335,60.705,108.54
30,35,30.345,60.705,107.752
30,36,30.355,60.705,107.035
30,37,30.365,60.705,106.534
30,38,30.375,60.705,106.352
30,39,30.385,60.705,106.525
30,40,30.395,60.705,107.019
30,41,30.405,60.705,107.732
30,42,30.415,60.705,108.521
30,43,30.425,60.705,109.225
30,44,30.435,60.705,109.701
30,45,30.445,60.705,109.852
30,46,30.455,60.705,109.649
30,47,30.465,60.705,109.131
30,48,30.475,60.705,108.405
30,49,30.485,60.705,107.618
30,50,30.495,60.705,106.929
30,51,30.505,60.705,106.479
30,52,30.515,60.705,106.359
30,53,30.525,60.705,106.594
30,54,30.535,60.705,107.135
30,55,30.545,60.705,107.873
30,56,30.555,60.705,108.659
30,57,30.565,60.705,109.332
30,58,30.575,60.705,109.756
30,59,30.585,60.705,109.844
30,60,30.595,60.705,109.58
30,61,30.605,60.705,109.016
30,62,30.615,60.705,108.268
30,63,30.625,60.705,107.487
30,64,30.635,60.705,106.831
30,65,30.645,60.705,106.435
30,66,30.655,60.705,106.378
30,67,30.665,60.705,106.672
30,68,30.675,60.705,107.258
30,69,30.685,60.705,108.016
30,70,30.695,60.705,108.793
30,71,30.705,60.705,109.431
30,72,30.715,60.705,109.8
30,73,30.725,60.705,109.825
30,74,30.735,60.705,109.502
30,75,30.745,60.705,108.896
30,76,30.755,60.705,108.13
30,77,30.765,60.705,107.36
30,78,30.775,60.705,106.742
30,79,30.785,60.705,106.401
30,80,30.795,60.705,106.408
30,81,30.805,60.705,106.76
30,82,30.815,60.705,107.386
30,83,30.825,60.705,108.159
30,84,30.835,60.705,108.923
30,85,30.845,60.705,109.521
30,86,30.855,60.705,109.833
30,87,30.865,60.705,109.795
30,88,30.875,60.705,109.415
30,89,30.885,60.705,108.77
30,90,30.895,60.705,107.992
30,91,30.905,60.705,107.238
30,92,30.915,60.705,106.661
30,93,30.925,60.705,106.379
30,94,30.935,60.705,106.449
30,95,30.945,60.705,106.856
30,96,30.955,60.705,107.519
30,97,30.965,60.705,108.302
30,98,30.975,60.705,109.047
30,99,30.985,60.705,109.602
30,100,30.995,60.705,109.855
31,1,30.005,60.695,109.18
31,2,30.015,60.695,109.793
31,3,30.025,60.695,110.125
31,4,30.035,60.695,110.109
31,5,30.045,60.695,109.749
31,6,30.055,60.695,109.117
31,7,30.065,60.695,108.343
31,8,30.075,60.695,107.582
31,9,30.085,60.695,106.991
31,10,30.095,60.695,106.688
31,11,30.105,60.695,106.736
31,12,30.115,60.695,107.124
31,13,30.125,60.695,107.775
31,14,30.135,60.695,108.555
31,15,30.145,60.695,109.307
31,16,30.155,60.695,109.877
31,17,30.165,60.695,110.151
31,18,30.175,60.695,110.072
31,19,30.185,60.695,109.656
31,20,30.195,60.695,108.989
31,21,30.205,60.695,108.205
31,22,30.215,60.695,107.464
31,23,30.225,60.695,106.916
31,24,30.235,60.695,106.673
31,25,30.245,60.695,106.784
31,26,30.255,60.695,107.226
31,27,30.265,60.695,107.91
31,28,30.275,60.695,108.697
31,29,30.285,60.695,109.427
31,30,30.295,60.695,109.952
31,31,30.305,60.695,110.166
31,32,30.315,60.695,110.024
31,33,30.325,60.695,109.556
31,34,30.335,60.695,108.857
31,35,30.345,60.695,108.069
31,36,30.355,60.695,107.351
31,37,30.365,60.695,106.851
31,38,30.375,60.695,106.669
31,39,30.385,60.695,106.842
31,40,30.395,60.695,107.335
31,41,30.405,60.695,108.049
31,42,30.415,60.695,108.838
31,43,30.425,60.695,109.542
31,44,30.435,60.695,110.017
31,45,30.445,60.695,110.169
31,46,30.455,60.695,109.965
31,47,30.465,60.695,109.448
31,48,30.475,60.695,108.722
31,49,30.485,60.695,107.934
31,50,30.495,60.695,107.246
31,51,30.505,60.695,106.796
31,52,30.515,60.695,106.676
31,53,30.525,60.695,106.911
31,54,30.535,60.695,107.452
31,55,30.545,60.695,108.19
31,56,30.555,60.695,108.975
31,57,30.565,60.695,109.648
31,58,30.575,60.695,110.072
31,59,30.585,60.695,110.161
31,60,30.595,60.695,109.897
31,61,30.605,60.695,109.333
31,62,30.615,60.695,108.585
31,63,30.625,60.695,107.803
31,64,30.635,60.695,107.148
31,65,30.645,60.695,106.752
31,66,30.655,60.695,106.695
31,67,30.665,60.695,106.989
31,68,30.675,60.695,107.575
31,69,30.685,60.695,108.333
31,70,30.695,60.695,109.11
31,71,30.705,60.695,109.747
31,72,30.715,60.695,110.116
31,73,30.725,60.695,110.142
31,74,30.735,60.695,109.819
31,75,30.745,60.695,109.213
31,76,30.755,60.695,108.447
31,77,30.765,60.695,107.676
31,78,30.775,60.695,107.058
31,79,30.785,60.695,106.718
31,80,30.795,60.695,106.725
31,81,30.805,60.695,107.077
31,82,30.815,60.695,107.703
31,83,30.825,60.695,108.476
31,84,30.835,60.695,109.239
31,85,30.845,60.695,109.838
31,86,30.855,60.695,110.149
31,87,30.865,60.695,110.112
31,88,30.875,60.695,109.732
31,89,30.885,60.695,109.087
31,90,30.895,60.695,108.308
31,91,30.905,60.695,107.554
31,92,30.915,60.695,106.978
31,93,30.925,60.695,106.695
31,94,30.935,60.695,106.765
31,95,30.945,60.695,107.173
31,96,30.955,60.695,107.836
31,97,30.965,60.695,108.619
31,98,30.975,60.695,109.364
31,99,30.985,60.695,109.919
31,100,30.995,60.695,110.171
32,1,30.005,60.685,109.44
32,2,30.015,60.685,110.053
32,3,30.025,60.685,110.385
32,4,30.035,60.685,110.369
32,5,30.045,60.685,110.009
32,6,30.055,60.685,109.377
32,7,30.065,60.685,108.602
32,8,30.075,60.685,107.842
32,9,30.085,60.685,107.25
32,10,30.095,60.685,106.948
32,11,30.105,60.685,106.995
32,12,30.115,60.685,107.384
32,13,30.125,60.685,108.034
32,14,30.135,60.685,108.815
32,15,30.145,60.685,109.566
32,16,30.155,60.685,110.137
32,17,30.165,60.685,110.411
32,18,30.175,60.685,110.332
32,19,30.185,60.685,109.916
32,20,30.195,60.685,109.249
32,21,30.205,60.685,108.465
32,22,30.215,60.685,107.723
32,23,30.225,60.685,107.176
32,24,30.235,60.685,106.932
32,25,30.245,60.685,107.043
32,26,30.255,60.685,107.486
32,27,30.265,60.685,108.17
32,28,30.275,60.685,108.957
32,29,30.285,60.685,109.687
32,30,30.295,60.685,110.212
32,31,30.305,60.685,110.425
32,32,30.315,60.685,110.283
32,33,30.325,60.685,109.816
32,34,30.335,60.685,109.116
32,35,30.345,60.685,108.328
32,36,30.355,60.685,107.611
32,37,30.365,60.685,107.111
32,38,30.375,60.685,106.928
32,39,30.385,60.685,107.102
32,40,30.395,60.685,107.595
32,41,30.405,60.685,108.309
32,42,30.415,60.685,109.097
32,43,30.425,60.685,109.801
32,44,30.435,60.685,110.277
32,45,30.445,60.685,110.429
32,46,30.455,60.685,110.225
32,47,30.465,60.685,109.708
32,48,30.475,60.685,108.981
32,49,30.485,60.685,108.194
32,50,30.495,60.685,107.506
32,51,30.505,60.685,107.056
32,52,30.515,60.685,106.936
32,53,30.525,60.685,107.17
32,54,30.535,60.685,107.712
32,55,30.545,60.685,108.45
32,56,30.555,60.685,109.235
32,57,30.565,60.685,109.908
32,58,30.575,60.685,110.332
32,59,30.585,60.685,110.421
32,60,30.595,60.685,110.156
32,61,30.605,60.685,109.593
32,62,30.615,60.685,108.844
32,63,30.625,60.685,108.063
32,64,30.635,60.685,107.408
32,65,30.645,60.685,107.011
32,66,30.655,60.685,106.954
32,67,30.665,60.685,107.249
32,68,30.675,60.685,107.834
32,69,30.685,60.685,108.593
32,70,30.695,60.685,109.369
32,71,30.705,60.685,110.007
32,72,30.715,60.685,110.376
32,73,30.725,60.685,110.401
32,74,30.735,60.685,110.078
32,75,30.745,60.685,109.472
32,76,30.755,60.685,108.706
32,77,30.765,60.685,107.936
32,78,30.775,60.685,107.318
32,79,30.785,60.685,106.978
32,80,30.795,60.685,106.984
32,81,30.805,60.685,107.336
32,82,30.815,60.685,107.963
32,83,30.825,60.685,108.736
32,84,30.835,60.685,109.499
32,85,30.845,60.685,110.097
32,86,30.855,60.685,110.409
32,87,30.865,60.685,110.371
32,88,30.875,60.685,109.991
32,89,30.885,60.685,109.347
32,90,30.895,60.685,108.568
32,91,30.905,60.685,107.814
32,92,30.915,60.685,107.237
32,93,30.925,60.685,106.955
32,94,30.935,60.685,107.025
32,95,30.945,60.685,107.433
32,96,30.955,60.685,108.095
32,97,30.965,60.685,108.879
32,98,30.975,60.685,109.623
32,99,30.985,60.685,110.178
32,100,30.995,60.685,110.431
33,1,30.005,60.675,109.608
33,2,30.015,60.675,110.22
33,3,30.025,60.675,110.552
33,4,30.035,60.675,110.536
33,5,30.045,60.675,110.176
33,6,30.055,60.675,109.545
33,7,30.065,60.675,108.77
33,8,30.075,60.675,108.01
33,9,30.085,60.675,107.418
33,10,30.095,60.675,107.115
33,11,30.105,60.675,107.163
33,12,30.115,60.675,107.551
33,13,30.125,60.675,108.202
33,14,30.135,60.675,108.982
33,15,30.145,60.675,109.734
33,16,30.155,60.675,110.305
33,17,30.165,60.675,110.578
33,18,30.175,60.675,110.499
33,19,30.185,60.675,110.084
33,20,30.195,60.675,109.416
33,21,30.205,60.675,108.632
33,22,30.215,60.675,107.891
33,23,30.225,60.675,107.343
33,24,30.235,60.675,107.1
33,25,30.245,60.675,107.211
33,26,30.255,60.675,107.653
33,27,30.265,60.675,108.337
33,28,30.275,60.675,109.124
33,29,30.285,60.675,109.855
33,30,30.295,60.675,110.38
33,31,30.305,60.675,110.593
33,32,30.315,60.675,110.451
33,33,30.325,60.675,109.983
33,34,30.335,60.675,109.284
33,35,30.345,60.675,108.496
33,36,30.355,60.675,107.779
33,37,30.365,60.675,107.278
33,38,30.375,60.675,107.096
33,39,30.385,60.675,107.269
33,40,30.395,60.675,107.763
33,41,30.405,60.675,108.476
33,42,30.415,60.675,109.265
33,43,30.425,60.675,109.969
33,44,30.435,60.675,110.445
33,45,30.445,60.675,110.596
33,46,30.455,60.675,110.392
33,47,30.465,60.675,109.875
33,48,30.475,60.675,109.149
33,49,30.485,60.675,108.362
33,50,30.495,60.675,107.673
33,51,30.505,60.675,107.223
33,52,30.515,60.675,107.103
33,53,30.525,60.675,107.338
33,54,30.535,60.675,107.879
33,55,30.545,60.675,108.617
33,56,30.555,60.675,109.403
33,57,30.565,60.675,110.075
33,58,30.575,60.675,110.499
33,59,30.585,60.675,110.588
33,60,30.595,60.675,110.324
33,61,30.605,60.675,109.76
33,62,30.615,60.675,109.012
33,63,30.625,60.675,108.231
33,64,30.635,60.675,107.575
33,65,30.645,60.675,107.179
33,66,30.655,60.675,107.122
33,67,30.665,60.675,107.416
33,68,30.675,60.675,108.002
33,69,30.685,60.675,108.76
33,70,30.695,60.675,109.537
33,71,30.705,60.675,110.174
33,72,30.715,60.675,110.543
33,73,30.725,60.675,110.569
33,74,30.735,60.675,110.246
33,75,30.745,60.675,109.64
33,76,30.755,60.675,108.874
33,77,30.765,60.675,108.104
33,78,30.775,60.675,107.485
33,79,30.785,60.675,107.145
33,80,30.795,60.675,107.152
33,81,30.805,60.675,107.504
33,82,30.815,60.675,108.13
33,83,30.825,60.675,108.903
33,84,30.835,60.675,109.666
33,85,30.845,60.675,110.265
33,86,30.855,60.675,110.577
33,87,30.865,60.675,110.539
33,88,30.875,60.675,110.159
33,89,30.885,60.675,109.514
33,90,30.895,60.675,108.736
33,91,30.905,60.675,107.981
33,92,30.915,60.675,107.405
33,93,30.925,60.675,107.123
33,94,30.935,60.675,107.192
33,95,30.945,60.675,107.6
33,96,30.955,60.675,108.263
33,97,30.965,60.675,109.046
33,98,30.975,60.675,109.791
33,99,30.985,60.675,110.346
33,100,30.995,60.675,110.599
34,1,30.005,60.665,109.66
34,2,30.015,60.665,110.273
34,3,30.025,60.665,110.605
34,4,30.035,60.665,110.589
34,5,30.045,60.665,110.229
34,6,30.055,60.665,109.597
34,7,30.065,60.665,108.823
34,8,30.075,60.665,108.062
34,9,30.085,60.665,107.47
34,10,30.095,60.665,107.168
34,11,30.105,60.665,107.215
34,12,30.115,60.665,107.604
34,13,30.125,60.665,108.254
34,14,30.135,60.665,109.035
34,15,30.145,60.665,109.787
34,16,30.155,60.665,110.357
34,17,30.165,60.665,110.631
34,18,30.175,60.665,110.552
34,19,30.185,60.665,110.136
34,20,30.195,60.665,109.469
34,21,30.205,60.665,108.685
34,22,30.215,60.665,107.944
34,23,30.225,60.665,107.396
34,24,30.235,60.665,107.152
34,25,30.245,60.665,107.263
34,26,30.255,60.665,107.706
34,27,30.265,60.665,108.39
34,28,30.275,60.665,109.177
34,29,30.285,60.665,109.907
34,30,30.295,60.665,110.432
34,31,30.305,60.665,110.645
34,32,30.315,60.665,110.504
34,33,30.325,60.665,110.036
34,34,30.335,60.665,109.336
34,35,30.345,60.665,108.548
34,36,30.355,60.665,107.831
34,37,30.365,60.665,107.331
34,38,30.375,60.665,107.148
34,39,30.385,60.665,107.322
34,40,30.395,60.665,107.815
34,41,30.405,60.665,108.529
34,42,30.415,60.665,109.317
34,43,30.425,60.665,110.021
34,44,30.435,60.665,110.497
34,45,30.445,60.665,110.649
34,46,30.455,60.665,110.445
34,47,30.465,60.665,109.928
34,48,30.475,60.665,109.201
34,49,30.485,60.665,108.414
34,50,30.495,60.665,107.726
34,51,30.505,60.665,107.276
34,52,30.515,60.665,107.156
34,53,30.525,60.665,107.39
34,54,30.535,60.665,107.932
34,55,30.545,60.665,108.67
34,56,30.555,60.665,109.455
34,57,30.565,60.665,110.128
34,58,30.575,60.665,110.552
34,59,30.585,60.665,110.641
34,60,30.595,60.665,110.377
34,61,30.605,60.665,109.813
34,62,30.615,60.665,109.064
34,63,30.625,60.665,108.283
34,64,30.635,60.665,107.628
34,65,30.645,60.665,107.231
34,66,30.655,60.665,107.174
34,67,30.665,60.665,107.469
34,68,30.675,60.665,108.054
34,69,30.685,60.665,108.813
34,70,30.695,60.665,109.589
34,71,30.705,60.665,110.227
34,72,30.715,60.665,110.596
34,73,30.725,60.665,110.622
34,74,30.735,60.665,110.298
34,75,30.745,60.665,109.692
34,76,30.755,60.665,108.926
34,77,30.765,60.665,108.156
34,78,30.775,60.665,107.538
34,79,30.785,60.665,107.198
34,80,30.795,60.665,107.204
34,81,30.805,60.665,107.556
34,82,30.815,60.665,108.183
34,83,30.825,60.665,108.956
34,84,30.835,60.665,109.719
34,85,30.845,60.665,110.317
34,86,30.855,60.665,110.629
34,87,30.865,60.665,110.591
34,88,30.875,60.665,110.211
34,89,30.885,60.665,109.567
34,90,30.895,60.665,108.788
34,91,30.905,60.665,108.034
34,92,30.915,60.665,107.457
34,93,30.925,60.665,107.175
34,94,30.935,60.665,107.245
34,95,30.945,60.665,107.653
34,96,30.955,60.665,108.316
34,97,30.965,60.665,109.099
34,98,30.975,60.665,109.844
34,99,30.985,60.665,110.399
34,100,30.995,60.665,110.651
35,1,30.005,60.655,109.591
35,2,30.015,60.655,110.203
35,3,30.025,60.655,110.535
35,4,30.035,60.655,110.52
35,5,30.045,60.655,110.159
35,6,30.055,60.655,109.528
35,7,30.065,60.655,108.753
35,8,30.075,60.655,107.993
35,9,30.085,60.655,107.401
35,10,30.095,60.655,107.098
35,11,30.105,60.655,107.146
35,12,30.115,60.655,107.535
35,13,30.125,60.655,108.185
35,14,30.135,60.655,108.965
35,15,30.145,60.655,109.717
35,16,30.155,60.655,110.288
35,17,30.165,60.655,110.561
35,18,30.175,60.655,110.482
35,19,30.185,60.655,110.067
35,20,30.195,60.655,109.399
35,21,30.205,60.655,108.615
35,22,30.215,60.655,107.874
35,23,30.225,60.655,107.326
35,24,30.235,60.655,107.083
35,25,30.245,60.655,107.194
35,26,30.255,60.655,107.636
35,27,30.265,60.655,108.321
35,28,30.275,60.655,109.108
35,29,30.285,60.655,109.838
35,30,30.295,60.655,110.363
35,31,30.305,60.655,110.576
35,32,30.315,60.655,110.434
35,33,30.325,60.655,109.966
35,34,30.335,60.655,109.267
35,35,30.345,60.655,108.479
35,36,30.355,60.655,107.762
35,37,30.365,60.655,107.261
35,38,30.375,60.655,107.079
35,39,30.385,60.655,107.252
35,40,30.395,60.655,107.746
35,41,30.405,60.655,108.459
35,42,30.415,60.655,109.248
35,43,30.425,60.655,109.952
35,44,30.435,60.655,110.428
35,45,30.445,60.655,110.579
35,46,30.455,60.655,110.376
35,47,30.465,60.655,109.858
35,48,30.475,60.655,109.132
35,49,30.485,60.655,108.345
35,50,30.495,60.655,107.656
35,51,30.505,60.655,107.206
35,52,30.515,60.655,107.086
35,53,30.525,60.655,107.321
35,54,30.535,60.655,107.862
35,55,30.545,60.655,108.6
35,56,30.555,60.655,109.386
35,57,30.565,60.655,110.059
35,58,30.575,60.655,110.483
35,59,30.585,60.655,110.571
35,60,30.595,60.655,110.307
35,61,30.605,60.655,109.743
35,62,30.615,60.655,108.995
35,63,30.625,60.655,108.214
35,64,30.635,60.655,107.558
35,65,30.645,60.655,107.162
35,66,30.655,60.655,107.105
35,67,30.665,60.655,107.399
35,68,30.675,60.655,107.985
35,69,30.685,60.655,108.743
35,70,30.695,60.655,109.52
35,71,30.705,60.655,110.158
35,72,30.715,60.655,110.527
35,73,30.725,60.655,110.552
35,74,30.735,60.655,110.229
35,75,30.745,60.655,109.623
35,76,30.755,60.655,108.857
35,77,30.765,60.655,108.087
35,78,30.775,60.655,107.469
35,79,30.785,60.655,107.128
35,80,30.795,60.655,107.135
35,81,30.805,60.655,107.487
35,82,30.815,60.655,108.113
35,83,30.825,60.655,108.886
35,84,30.835,60.655,109.65
35,85,30.845,60.655,110.248
35,86,30.855,60.655,110.56
35,87,30.865,60.655,110.522
35,88,30.875,60.655,110.142
35,89,30.885,60.655,109.497
35,90,30.895,60.655,108.719
35,91,30.905,60.655,107.965
35,92,30.915,60.655,107.388
35,93,30.925,60.655,107.106
35,94,30.935,60.655,107.176
35,95,30.945,60.655,107.583
35,96,30.955,60.655,108.246
35,97,30.965,60.655,109.029
35,98,30.975,60.655,109.774
35,99,30.985,60.655,110.329
35,100,30.995,60.655,110.582
36,1,30.005,60.645,109.409
36,2,30.015,60.645,110.021
36,3,30.025,60.645,110.353
36,4,30.035,60.645,110.338
36,5,30.045,60.645,109.977
36,6,30.055,60.645,109.346
36,7,30.065,60.645,108.571
36,8,30.075,60.645,107.811
36,9,30.085,60.645,107.219
36,10,30.095,60.645,106.916
36,11,30.105,60.645,106.964
36,12,30.115,60.645,107.353
36,13,30.125,60.645,108.003
36,14,30.135,60.645,108.783
36,15,30.145,60.645,109.535
36,16,30.155,60.645,110.106
36,17,30.165,60.645,110.379
36,18,30.175,60.645,110.3
36,19,30.185,60.645,109.885
36,20,30.195,60.645,109.217
36,21,30.205,60.645,108.433
36,22,30.215,60.645,107.692
36,23,30.225,60.645,107.144
36,24,30.235,60.645,106.901
36,25,30.245,60.645,107.012
36,26,30.255,60.645,107.454
36,27,30.265,60.645,108.139
36,28,30.275,60.645,108.926
36,29,30.285,60.645,109.656
36,30,30.295,60.645,110.181
36,31,30.305,60.645,110.394
36,32,30.315,60.645,110.252
36,33,30.325,60.645,109.784
36,34,30.335,60.645,109.085
36,35,30.345,60.645,108.297
36,36,30.355,60.645,107.58
36,37,30.365,60.645,107.079
36,38,30.375,60.645,106.897
36,39,30.385,60.645,107.07
36,40,30.395,60.645,107.564
36,41,30.405,60.645,108.277
36,42,30.415,60.645,109.066
36,43,30.425,60.645,109.77
36,44,30.435,60.645,110.246
36,45,30.445,60.645,110.397
36,46,30.455,60.645,110.194
36,47,30.465,60.645,109.676
36,48,30.475,60.645,108.95
36,49,30.485,60.645,108.163
36,50,30.495,60.645,107.474
36,51,30.505,60.645,107.024
36,52,30.515,60.645,106.904
36,53,30.525,60.645,107.139
36,54,30.535,60.645,107.68
36,55,30.545,60.645,108.418
36,56,30.555,60.645,109.204
36,57,30.565,60.645,109.877
36,58,30.575,60.645,110.301
36,59,30.585,60.645,110.389
36,60,30.595,60.645,110.125
36,61,30.605,60.645,109.561
36,62,30.615,60.645,108.813
36,63,30.625,60.645,108.032
36,64,30.635,60.645,107.376
36,65,30.645,60.645,106.98
36,66,30.655,60.645,106.923
36,67,30.665,60.645,107.217
36,68,30.675,60.645,107.803
36,69,30.685,60.645,108.561
36,70,30.695,60.645,109.338
36,71,30.705,60.645,109.976
36,72,30.715,60.645,110.345
36,73,30.725,60.645,110.37
36,74,30.735,60.645,110.047
36,75,30.745,60.645,109.441
36,76,30.755,60.645,108.675
36,77,30.765,60.645,107.905
36,78,30.775,60.645,107.287
36,79,30.785,60.645,106.946
36,80,30.795,60.645,106.953
36,81,30.805,60.645,107.305
36,82,30.815,60.645,107.931
36,83,30.825,60.645,108.704
36,84,30.835,60.645,109.468
36,85,30.845,60.645,110.066
36,86,30.855,60.645,110.378
36,87,30.865,60.645,110.34
36,88,30.875,60.645,109.96
36,89,30.885,60.645,109.315
36,90,30.895,60.645,108.537
36,91,30.905,60.645,107.783
36,92,30.915,60.645,107.206
36,93,30.925,60.645,106.924
36,94,30.935,60.645,106.994
36,95,30.945,60.645,107.401
36,96,30.955,60.645,108.064
36,97,30.965,60.645,108.847
36,98,30.975,60.645,109.592
36,99,30.985,60.645,110.147
36,100,30.995,60.645,110.4
37,1,30.005,60.635,109.139
37,2,30.015,60.635,109.751
37,3,30.025,60.635,110.083
37,4,30.035,60.635,110.068
37,5,30.045,60.635,109.707
37,6,30.055,60.635,109.076
37,7,30.065,60.635,108.301
37,8,30.075,60.635,107.541
37,9,30.085,60.635,106.949
37,10,30.095,60.635,106.646
37,11,30.105,60.635,106.694
37,12,30.115,60.635,107.083
37,13,30.125,60.635,107.733
37,14,30.135,60.635,108.513
37,15,30.145,60.635,109.265
37,16,30.155,60.635,109.836
37,17,30.165,60.635,110.109
37,18,30.175,60.635,110.03
37,19,30.185,60.635,109.615
37,20,30.195,60.635,108.947
37,21,30.205,60.635,108.163
37,22,30.215,60.635,107.422
37,23,30.225,60.635,106.874
37,24,30.235,60.635,106.631
37,25,30.245,60.635,106.742
37,26,30.255,60.635,107.184
37,27,30.265,60.635,107.869
37,28,30.275,60.635,108.656
37,29,30.285,60.635,109.386
37,30,30.295,60.635,109.911
37,31,30.305,60.635,110.124
37,32,30.315,60.635,109.982
37,33,30.325,60.635,109.514
37,34,30.335,60.635,108.815
37,35,30.345,60.635,108.027
37,36,30.355,60.635,107.31
37,37,30.365,60.635,106.809
37,38,30.375,60.635,106.627
37,39,30.385,60.635,106.8
37,40,30.395,60.635,107.294
37,41,30.405,60.635,108.007
37,42,30.415,60.635,108.796
37,43,30.425,60.635,109.5
37,44,30.435,60.635,109.976
37,45,30.445,60.635,110.127
37,46,30.455,60.635,109.924
37,47,30.465,60.635,109.406
37,48,30.475,60.635,108.68
37,49,30.485,60.635,107.893
37,50,30.495,60.635,107.204
37,51,30.505,60.635,106.754
37,52,30.515,60.635,106.635
37,53,30.525,60.635,106.869
37,54,30.535,60.635,107.41
37,55,30.545,60.635,108.149
37,56,30.555,60.635,108.934
37,57,30.565,60.635,109.607
37,58,30.575,60.635,110.031
37,59,30.585,60.635,110.119
37,60,30.595,60.635,109.855
37,61,30.605,60.635,109.292
37,62,30.615,60.635,108.543
37,63,30.625,60.635,107.762
37,64,30.635,60.635,107.106
37,65,30.645,60.635,106.71
37,66,30.655,60.635,106.653
37,67,30.665,60.635,106.947
37,68,30.675,60.635,107.533
37,69,30.685,60.635,108.291
37,70,30.695,60.635,109.068
37,71,30.705,60.635,109.706
37,72,30.715,60.635,110.075
37,73,30.725,60.635,110.1
37,74,30.735,60.635,109.777
37,75,30.745,60.635,109.171
37,76,30.755,60.635,108.405
37,77,30.765,60.635,107.635
37,78,30.775,60.635,107.017
37,79,30.785,60.635,106.676
37,80,30.795,60.635,106.683
37,81,30.805,60.635,107.035
37,82,30.815,60.635,107.661
37,83,30.825,60.635,108.435
37,84,30.835,60.635,109.198
37,85,30.845,60.635,109.796
37,86,30.855,60.635,110.108
37,87,30.865,60.635,110.07
37,88,30.875,60.635,109.69
37,89,30.885,60.635,109.045
37,90,30.895,60.635,108.267
37,91,30.905,60.635,107.513
37,92,30.915,60.635,106.936
37,93,30.925,60.635,106.654
37,94,30.935,60.635,106.724
37,95,30.945,60.635,107.131
37,96,30.955,60.635,107.794
37,97,30.965,60.635,108.577
37,98,30.975,60.635,109.322
37,99,30.985,60.635,109.877
37,100,30.995,60.635,110.13
38,1,30.005,60.625,108.818
38,2,30.015,60.625,109.43
38,3,30.025,60.625,109.762
38,4,30.035,60.625,109.747
38,5,30.045,60.625,109.386
38,6,30.055,60.625,108.755
38,7,30.065,60.625,107.98
38,8,30.075,60.625,107.22
38,9,30.085,60.625,106.628
38,10,30.095,60.625,106.325
38,11,30.105,60.625,106.373
38,12,30.115,60.625,106.762
38,13,30.125,60.625,107.412
38,14,30.135,60.625,108.192
38,15,30.145,60.625,108.944
38,16,30.155,60.625,109.515
38,17,30.165,60.625,109.788
38,18,30.175,60.625,109.709
38,19,30.185,60.625,109.294
38,20,30.195,60.625,108.626
38,21,30.205,60.625,107.842
38,22,30.215,60.625,107.101
38,23,30.225,60.625,106.553
38,24,30.235,60.625,106.31
38,25,30.245,60.625,106.421
38,26,30.255,60.625,106.863
38,27,30.265,60.625,107.547
38,28,30.275,60.625,108.335
38,29,30.285,60.625,109.065
38,30,30.295,60.625,109.59
38,31,30.305,60.625,109.803
38,32,30.315,60.625,109.661
38,33,30.325,60.625,109.193
38,34,30.335,60.625,108.494
38,35,30.345,60.625,107.706
38,36,30.355,60.625,106.989
38,37,30.365,60.625,106.488
38,38,30.375,60.625,106.306
38,39,30.385,60.625,106.479
38,40,30.395,60.625,106.973
38,41,30.405,60.625,107.686
38,42,30.415,60.625,108.475
38,43,30.425,60.625,109.179
38,44,30.435,60.625,109.655
38,45,30.445,60.625,109.806
38,46,30.455,60.625,109.603
38,47,30.465,60.625,109.085
38,48,30.475,60.625,108.359
38,49,30.485,60.625,107.572
38,50,30.495,60.625,106.883
38,51,30.505,60.625,106.433
38,52,30.515,60.625,106.313
38,53,30.525,60.625,106.548
38,54,30.535,60.625,107.089
38,55,30.545,60.625,107.827
38,56,30.555,60.625,108.613
38,57,30.565,60.625,109.286
38,58,30.575,60.625,109.709
38,59,30.585,60.625,109.798
38,60,30.595,60.625,109.534
38,61,30.605,60.625,108.97
38,62,30.615,60.625,108.222
38,63,30.625,60.625,107.441
38,64,30.635,60.625,106.785
38,65,30.645,60.625,106.389
38,66,30.655,60.625,106.332
38,67,30.665,60.625,106.626
38,68,30.675,60.625,107.212
38,69,30.685,60.625,107.97
38,70,30.695,60.625,108.747
38,71,30.705,60.625,109.385
38,72,30.715,60.625,109.754
38,73,30.725,60.625,109.779
38,74,30.735,60.625,109.456
38,75,30.745,60.625,108.85
38,76,30.755,60.625,108.084
38,77,30.765,60.625,107.314
38,78,30.775,60.625,106.696
38,79,30.785,60.625,106.355
38,80,30.795,60.625,106.362
38,81,30.805,60.625,106.714
38,82,30.815,60.625,107.34
38,83,30.825,60.625,108.113
38,84,30.835,60.625,108.877
38,85,30.845,60.625,109.475
38,86,30.855,60.625,109.787
38,87,30.865,60.625,109.749
38,88,30.875,60.625,109.369
38,89,30.885,60.625,108.724
38,90,30.895,60.625,107.946
38,91,30.905,60.625,107.192
38,92,30.915,60.625,106.615
38,93,30.925,60.625,106.333
38,94,30.935,60.625,106.403
38,95,30.945,60.625,106.81
38,96,30.955,60.625,107.473
38,97,30.965,60.625,108.256
38,98,30.975,60.625,109.001
38,99,30.985,60.625,109.556
38,100,30.995,60.625,109.809
39,1,30.005,60.615,108.489
39,2,30.015,60.615,109.101
39,3,30.025,60.615,109.433
39,4,30.035,60.615,109.418
39,5,30.045,60.615,109.058
39,6,30.055,60.615,108.426
39,7,30.065,60.615,107.651
39,8,30.075,60.615,106.891
39,9,30.085,60.615,106.299
39,10,30.095,60.615,105.996
39,11,30.105,60.615,106.044
39,12,30.115,60.615,106.433
39,13,30.125,60.615,107.083
39,14,30.135,60.615,107.863
39,15,30.145,60.615,108.615
39,16,30.155,60.615,109.186
39,17,30.165,60.615,109.459
39,18,30.175,60.615,109.38
39,19,30.185,60.615,108.965
39,20,30.195,60.615,108.297
39,21,30.205,60.615,107.513
39,22,30.215,60.615,106.772
39,23,30.225,60.615,106.224
39,24,30.235,60.615,105.981
39,25,30.245,60.615,106.092
39,26,30.255,60.615,106.534
39,27,30.265,60.615,107.219
39,28,30.275,60.615,108.006
39,29,30.285,60.615,108.736
39,30,30.295,60.615,109.261
39,31,30.305,60.615,109.474
39,32,30.315,60.615,109.332
39,33,30.325,60.615,108.864
39,34,30.335,60.615,108.165
39,35,30.345,60.615,107.377
39,36,30.355,60.615,106.66
39,37,30.365,60.615,106.159
39,38,30.375,60.615,105.977
39,39,30.385,60.615,106.15
39,40,30.395,60.615,106.644
39,41,30.405,60.615,107.357
39,42,30.415,60.615,108.146
39,43,30.425,60.615,108.85
39,44,30.435,60.615,109.326
39,45,30.445,60.615,109.477
39,46,30.455,60.615,109.274
39,47,30.465,60.615,108.756
39,48,30.475,60.615,108.03
39,49,30.485,60.615,107.243
39,50,30.495,60.615,106.554
39,51,30.505,60.615,106.104
39,52,30.515,60.615,105.985
39,53,30.525,60.615,106.219
39,54,30.535,60.615,106.76
39,55,30.545,60.615,107.499
39,56,30.555,60.615,108.284
39,57,30.565,60.615,108.957
39,58,30.575,60.615,109.381
39,59,30.585,60.615,109.469
39,60,30.595,60.615,109.205
39,61,30.605,60.615,108.642
39,62,30.615,60.615,107.893
39,63,30.625,60.615,107.112
39,64,30.635,60.615,106.456
39,65,30.645,60.615,106.06
39,66,30.655,60.615,106.003
39,67,30.665,60.615,106.297
39,68,30.675,60.615,106.883
39,69,30.685,60.615,107.641
39,70,30.695,60.615,108.418
39,71,30.705,60.615,109.056
39,72,30.715,60.615,109.425
39,73,30.725,60.615,109.45
39,74,30.735,60.615,109.127
39,75,30.745,60.615,108.521
39,76,30.755,60.615,107.755
39,77,30.765,60.615,106.985
39,78,30.775,60.615,106.367
39,79,30.785,60.615,106.026
39,80,30.795,60.615,106.033
39,81,30.805,60.615,106.385
39,82,30.815,60.615,107.011
39,83,30.825,60.615,107.785
39,84,30.835,60.615,108.548
39,85,30.845,60.615,109.146
39,86,30.855,60.615,109.458
39,87,30.865,60.615,109.42
39,88,30.875,60.615,109.04
39,89,30.885,60.615,108.395
39,90,30.895,60.615,107.617
39,91,30.905,60.615,106.863
39,92,30.915,60.615,106.286
39,93,30.925,60.615,106.004
39,94,30.935,60.615,106.074
39,95,30.945,60.615,106.481
39,96,30.955,60.615,107.144
39,97,30.965,60.615,107.927
39,98,30.975,60.615,108.672
39,99,30.985,60.615,109.227
39,100,30.995,60.615,109.48
40,1,30.005,60.605,108.197
40,2,30.015,60.605,108.809
40,3,30.025,60.605,109.142
40,4,30.035,60.605,109.126
40,5,30.045,60.605,108.766
40,6,30.055,60.605,108.134
40,7,30.065,60.605,107.359
40,8,30.075,60.605,106.599
40,9,30.085,60.605,106.007
40,10,30.095,60.605,105.705
40,11,30.105,60.605,105.752
40,12,30.115,60.605,106.141
40,13,30.125,60.605,106.791
40,14,30.135,60.605,107.572
40,15,30.145,60.605,108.323
40,16,30.155,60.605,108.894
40,17,30.165,60.605,109.167
40,18,30.175,60.605,109.088
40,19,30.185,60.605,108.673
40,20,30.195,60.605,108.005
40,21,30.205,60.605,107.221
40,22,30.215,60.605,106.48
40,23,30.225,60.605,105.932
40,24,30.235,60.605,105.689
40,25,30.245,60.605,105.8
40,26,30.255,60.605,106.243
40,27,30.265,60.605,106.927
40,28,30.275,60.605,107.714
40,29,30.285,60.605,108.444
40,30,30.295,60.605,108.969
40,31,30.305,60.605,109.182
40,32,30.315,60.605,109.04
40,33,30.325,60.605,108.572
40,34,30.335,60.605,107.873
40,35,30.345,60.605,107.085
40,36,30.355,60.605,106.368
40,37,30.365,60.605,105.867
40,38,30.375,60.605,105.685
40,39,30.385,60.605,105.858
40,40,30.395,60.605,106.352
40,41,30.405,60.605,107.065
40,42,30.415,60.605,107.854
40,43,30.425,60.605,108.558
40,44,30.435,60.605,109.034
40,45,30.445,60.605,109.185
40,46,30.455,60.605,108.982
40,47,30.465,60.605,108.464
40,48,30.475,60.605,107.738
40,49,30.485,60.605,106.951
40,50,30.495,60.605,106.262
40,51,30.505,60.605,105.812
40,52,30.515,60.605,105.693
40,53,30.525,60.605,105.927
40,54,30.535,60.605,106.468
40,55,30.545,60.605,107.207
40,56,30.555,60.605,107.992
40,57,30.565,60.605,108.665
40,58,30.575,60.605,109.089
40,59,30.585,60.605,109.178
40,60,30.595,60.605,108.913
40,61,30.605,60.605,108.35
40,62,30.615,60.605,107.601
40,63,30.625,60.605,106.82
40,64,30.635,60.605,106.164
40,65,30.645,60.605,105.768
40,66,30.655,60.605,105.711
40,67,30.665,60.605,106.005
40,68,30.675,60.605,106.591
40,69,30.685,60.605,107.349
40,70,30.695,60.605,108.126
40,71,30.705,60.605,108.764
40,72,30.715,60.605,109.133
40,73,30.725,60.605,109.158
40,74,30.735,60.605,108.835
40,75,30.745,60.605,108.229
40,76,30.755,60.605,107.463
40,77,30.765,60.605,106.693
40,78,30.775,60.605,106.075
40,79,30.785,60.605,105.734
40,80,30.795,60.605,105.741
40,81,30.805,60.605,106.093
40,82,30.815,60.605,106.719
40,83,30.825,60.605,107.493
40,84,30.835,60.605,108.256
40,85,30.845,60.605,108.854
40,86,30.855,60.605,109.166
40,87,30.865,60.605,109.128
40,88,30.875,60.605,108.748
40,89,30.885,60.605,108.104
40,90,30.895,60.605,107.325
40,91,30.905,60.605,106.571
40,92,30.915,60.605,105.994
40,93,30.925,60.605,105.712
40,94,30.935,60.605,105.782
40,95,30.945,60.605,106.19
40,96,30.955,60.605,106.852
40,97,30.965,60.605,107.636
40,98,30.975,60.605,108.38
40,99,30.985,60.605,108.935
40,100,30.995,60.605,109.188
41,1,30.005,60.595,107.982
41,2,30.015,60.595,108.594
41,3,30.025,60.595,108.926
41,4,30.035,60.595,108.91
41,5,30.045,60.595,108.55
41,6,30.055,60.595,107.919
41,7,30.065,60.595,107.144
41,8,30.075,60.595,106.383
41,9,30.085,60.595,105.792
41,10,30.095,60.595,105.489
41,11,30.105,60.595,105.537
41,12,30.115,60.595,105.925
41,13,30.125,60.595,106.576
41,14,30.135,60.595,107.356
41,15,30.145,60.595,108.108
41,16,30.155,60.595,108.678
41,17,30.165,60.595,108.952
41,18,30.175,60.595,108.873
41,19,30.185,60.595,108.458
41,20,30.195,60.595,107.79
41,21,30.205,60.595,107.006
41,22,30.215,60.595,106.265
41,23,30.225,60.595,105.717
41,24,30.235,60.595,105.474
41,25,30.245,60.595,105.585
41,26,30.255,60.595,106.027
41,27,30.265,60.595,106.711
41,28,30.275,60.595,107.498
41,29,30.285,60.595,108.229
41,30,30.295,60.595,108.753
41,31,30.305,60.595,108.967
41,32,30.315,60.595,108.825
41,33,30.325,60.595,108.357
41,34,30.335,60.595,107.658
41,35,30.345,60.595,106.87
41,36,30.355,60.595,106.152
41,37,30.365,60.595,105.652
41,38,30.375,60.595,105.47
41,39,30.385,60.595,105.643
41,40,30.395,60.595,106.137
41,41,30.405,60.595,106.85
41,42,30.415,60.595,107.639
41,43,30.425,60.595,108.343
41,44,30.435,60.595,108.819
41,45,30.445,60.595,108.97
41,46,30.455,60.595,108.766
41,47,30.465,60.595,108.249
41,48,30.475,60.595,107.523
41,49,30.485,60.595,106.736
41,50,30.495,60.595,106.047
41,51,30.505,60.595,105.597
41,52,30.515,60.595,105.477
41,53,30.525,60.595,105.712
41,54,30.535,60.595,106.253
41,55,30.545,60.595,106.991
41,56,30.555,60.595,107.777
41,57,30.565,60.595,108.449
41,58,30.575,60.595,108.873
41,59,30.585,60.595,108.962
41,60,30.595,60.595,108.698
41,61,30.605,60.595,108.134
41,62,30.615,60.595,107.386
41,63,30.625,60.595,106.605
41,64,30.635,60.595,105.949
41,65,30.645,60.595,105.553
41,66,30.655,60.595,105.496
41,67,30.665,60.595,105.79
41,68,30.675,60.595,106.376
41,69,30.685,60.595,107.134
41,70,30.695,60.595,107.911
41,71,30.705,60.595,108.548
41,72,30.715,60.595,108.917
41,73,30.725,60.595,108.943
41,74,30.735,60.595,108.62
41,75,30.745,60.595,108.014
41,76,30.755,60.595,107.248
41,77,30.765,60.595,106.478
41,78,30.775,60.595,105.859
41,79,30.785,60.595,105.519
41,80,30.795,60.595,105.526
41,81,30.805,60.595,105.878
41,82,30.815,60.595,106.504
41,83,30.825,60.595,107.277
41,84,30.835,60.595,108.04
41,85,30.845,60.595,108.639
41,86,30.855,60.595,108.95
41,87,30.865,60.595,108.913
41,88,30.875,60.595,108.533
41,89,30.885,60.595,107.888
41,90,30.895,60.595,107.11
41,91,30.905,60.595,106.355
41,92,30.915,60.595,105.779
41,93,30.925,60.595,105.497
41,94,30.935,60.595,105.566
41,95,30.945,60.595,105.974
41,96,30.955,60.595,106.637
41,97,30.965,60.595,107.42
41,98,30.975,60.595,108.165
41,99,30.985,60.595,108.72
41,100,30.995,60.595,108.972
42,1,30.005,60.585,107.872
42,2,30.015,60.585,108.484
42,3,30.025,60.585,108.816
42,4,30.035,60.585,108.801
42,5,30.045,60.585,108.441
42,6,30.055,60.585,107.809
42,7,30.065,60.585,107.034
42,8,30.075,60.585,106.274
42,9,30.085,60.585,105.682
42,10,30.095,60.585,105.379
42,11,30.105,60.585,105.427
42,12,30.115,60.585,105.816
42,13,30.125,60.585,106.466
42,14,30.135,60.585,107.246
42,15,30.145,60.585,107.998
42,16,30.155,60.585,108.569
42,17,30.165,60.585,108.842
42,18,30.175,60.585,108.763
42,19,30.185,60.585,108.348
42,20,30.195,60.585,107.68
42,21,30.205,60.585,106.896
42,22,30.215,60.585,106.155
42,23,30.225,60.585,105.607
42,24,30.235,60.585,105.364
42,25,30.245,60.585,105.475
42,26,30.255,60.585,105.917
42,27,30.265,60.585,106.602
42,28,30.275,60.585,107.389
42,29,30.285,60.585,108.119
42,30,30.295,60.585,108.644
42,31,30.305,60.585,108.857
42,32,30.315,60.585,108.715
42,33,30.325,60.585,108.247
42,34,30.335,60.585,107.548
42,35,30.345,60.585,106.76
42,36,30.355,60.585,106.043
42,37,30.365,60.585,105.542
42,38,30.375,60.585,105.36
42,39,30.385,60.585,105.533
42,40,30.395,60.585,106.027
42,41,30.405,60.585,106.74
42,42,30.415,60.585,107.529
42,43,30.425,60.585,108.233
42,44,30.435,60.585,108.709
42,45,30.445,60.585,108.86
42,46,30.455,60.585,108.657
42,47,30.465,60.585,108.139
42,48,30.475,60.585,107.413
42,49,30.485,60.585,106.626
42,50,30.495,60.585,105.937
42,51,30.505,60.585,105.487
42,52,30.515,60.585,105.368
42,53,30.525,60.585,105.602
42,54,30.535,60.585,106.143
42,55,30.545,60.585,106.882
42,56,30.555,60.585,107.667
42,57,30.565,60.585,108.34
42,58,30.575,60.585,108.764
42,59,30.585,60.585,108.852
42,60,30.595,60.585,108.588
42,61,30.605,60.585,108.025
42,62,30.615,60.585,107.276
42,63,30.625,60.585,106.495
42,64,30.635,60.585,105.839
42,65,30.645,60.585,105.443
42,66,30.655,60.585,105.386
42,67,30.665,60.585,105.68
42,68,30.675,60.585,106.266
42,69,30.685,60.585,107.024
42,70,30.695,60.585,107.801
42,71,30.705,60.585,108.439
42,72,30.715,60.585,108.808
42,73,30.725,60.585,108.833
42,74,30.735,60.585,108.51
42,75,30.745,60.585,107.904
42,76,30.755,60.585,107.138
42,77,30.765,60.585,106.368
42,78,30.775,60.585,105.75
42,79,30.785,60.585,105.409
42,80,30.795,60.585,105.416
42,81,30.805,60.585,105.768
42,82,30.815,60.585,106.394
42,83,30.825,60.585,107.168
42,84,30.835,60.585,107.931
42,85,30.845,60.585,108.529
42,86,30.855,60.585,108.841
42,87,30.865,60.585,108.803
42,88,30.875,60.585,108.423
42,89,30.885,60.585,107.778
42,90,30.895,60.585,107.0
42,91,30.905,60.585,106.246
42,92,30.915,60.585,105.669
42,93,30.925,60.585,105.387
42,94,30.935,60.585,105.457
42,95,30.945,60.585,105.864
42,96,30.955,60.585,106.527
42,97,30.965,60.585,107.31
42,98,30.975,60.585,108.055
42,99,30.985,60.585,108.61
42,100,30.995,60.585,108.863
43,1,30.005,60.575,107.883
43,2,30.015,60.575,108.495
43,3,30.025,60.575,108.827
43,4,30.035,60.575,108.812
43,5,30.045,60.575,108.451
43,6,30.055,60.575,107.82
43,7,30.065,60.575,107.045
43,8,30.075,60.575,106.285
43,9,30.085,60.575,105.693
43,10,30.095,60.575,105.39
43,11,30.105,60.575,105.438
43,12,30.115,60.575,105.827
43,13,30.125,60.575,106.477
43,14,30.135,60.575,107.257
43,15,30.145,60.575,108.009
43,16,30.155,60.575,108.58
43,17,30.165,60.575,108.853
43,18,30.175,60.575,108.774
43,19,30.185,60.575,108.359
43,20,30.195,60.575,107.691
43,21,30.205,60.575,106.907
43,22,30.215,60.575,106.166
43,23,30.225,60.575,105.618
43,24,30.235,60.575,105.375
43,25,30.245,60.575,105.486
43,26,30.255,60.575,105.928
43,27,30.265,60.575,106.613
43,28,30.275,60.575,107.4
43,29,30.285,60.575,108.13
43,30,30.295,60.575,108.655
43,31,30.305,60.575,108.868
43,32,30.315,60.575,108.726
43,33,30.325,60.575,108.258
43,34,30.335,60.575,107.559
43,35,30.345,60.575,106.771
43,36,30.355,60.575,106.054
43,37,30.365,60.575,105.553
43,38,30.375,60.575,105.371
43,39,30.385,60.575,105.544
43,40,30.395,60.575,106.038
43,41,30.405,60.575,106.751
43,42,30.415,60.575,107.54
43,43,30.425,60.575,108.244
43,44,30.435,60.575,108.72
43,45,30.445,60.575,108.871
43,46,30.455,60.575,108.668
43,47,30.465,60.575,108.15
43,48,30.475,60.575,107.424
43,49,30.485,60.575,106.637
43,50,30.495,60.575,105.948
43,51,30.505,60.575,105.498
43,52,30.515,60.575,105.379
43,53,30.525,60.575,105.613
43,54,30.535,60.575,106.154
43,55,30.545,60.575,106.893
43,56,30.555,60.575,107.678
43,57,30.565,60.575,108.351
43,58,30.575,60.575,108.775
43,59,30.585,60.575,108.863
43,60,30.595,60.575,108.599
43,61,30.605,60.575,108.036
43,62,30.615,60.575,107.287
43,63,30.625,60.575,106.506
43,64,30.635,60.575,105.85
43,65,30.645,60.575,105.454
43,66,30.655,60.575,105.397
43,67,30.665,60.575,105.691
43,68,30.675,60.575,106.277
43,69,30.685,60.575,107.035
43,70,30.695,60.575,107.812
43,71,30.705,60.575,108.45
43,72,30.715,60.575,108.819
43,73,30.725,60.575,108.844
43,74,30.735,60.575,108.521
43,75,30.745,60.575,107.915
43,76,30.755,60.575,107.149
43,77,30.765,60.575,106.379
43,78,30.775,60.575,105.761
43,79,30.785,60.575,105.42
43,80,30.795,60.575,105.427
43,81,30.805,60.575,105.779
43,82,30.815,60.575,106.405
43,83,30.825,60.575,107.179
43,84,30.835,60.575,107.942
43,85,30.845,60.575,108.54
43,86,30.855,60.575,108.852
43,87,30.865,60.575,108.814
43,88,30.875,60.575,108.434
43,89,30.885,60.575,107.789
43,90,30.895,60.575,107.011
43,91,30.905,60.575,106.257
43,92,30.915,60.575,105.68
43,93,30.925,60.575,105.398
43,94,30.935,60.575,105.468
43,95,30.945,60.575,105.875
43,96,30.955,60.575,106.538
43,97,30.965,60.575,107.321
43,98,30.975,60.575,108.066
43,99,30.985,60.575,108.621
43,100,30.995,60.575,108.874
44,1,30.005,60.565,108.013
44,2,30.015,60.565,108.625
44,3,30.025,60.565,108.958
44,4,30.035,60.565,108.942
44,5,30.045,60.565,108.582
44,6,30.055,60.565,107.95
44,7,30.065,60.565,107.175
44,8,30.075,60.565,106.415
44,9,30.085,60.565,105.823
44,10,30.095,60.565,105.521
44,11,30.105,60.565,105.568
44,12,30.115,60.565,105.957
44,13,30.125,60.565,106.607
44,14,30.135,60.565,107.388
44,15,30.145,60.565,108.139
44,16,30.155,60.565,108.71
44,17,30.165,60.565,108.983
44,18,30.175,60.565,108.904
44,19,30.185,60.565,108.489
44,20,30.195,60.565,107.822
44,21,30.205,60.565,107.038
44,22,30.215,60.565,106.296
44,23,30.225,60.565,105.749
44,24,30.235,60.565,105.505
44,25,30.245,60.565,105.616
44,26,30.255,60.565,106.059
44,27,30.265,60.565,106.743
44,28,30.275,60.565,107.53
44,29,30.285,60.565,108.26
44,30,30.295,60.565,108.785
44,31,30.305,60.565,108.998
44,32,30.315,60.565,108.856
44,33,30.325,60.565,108.388
44,34,30.335,60.565,107.689
44,35,30.345,60.565,106.901
44,36,30.355,60.565,106.184
44,37,30.365,60.565,105.683
44,38,30.375,60.565,105.501
44,39,30.385,60.565,105.675
44,40,30.395,60.565,106.168
44,41,30.405,60.565,106.882
44,42,30.415,60.565,107.67
44,43,30.425,60.565,108.374
44,44,30.435,60.565,108.85
44,45,30.445,60.565,109.002
44,46,30.455,60.565,108.798
44,47,30.465,60.565,108.28
44,48,30.475,60.565,107.554
44,49,30.485,60.565,106.767
44,50,30.495,60.565,106.078
44,51,30.505,60.565,105.629
44,52,30.515,60.565,105.509
44,53,30.525,60.565,105.743
44,54,30.535,60.565,106.284
44,55,30.545,60.565,107.023
44,56,30.555,60.565,107.808
44,57,30.565,60.565,108.481
44,58,30.575,60.565,108.905
44,59,30.585,60.565,108.994
44,60,30.595,60.565,108.729
44,61,30.605,60.565,108.166
44,62,30.615,60.565,107.417
44,63,30.625,60.565,106.636
44,64,30.635,60.565,105.981
44,65,30.645,60.565,105.584
44,66,30.655,60.565,105.527
44,67,30.665,60.565,105.822
44,68,30.675,60.565,106.407
44,69,30.685,60.565,107.165
44,70,30.695,60.565,107.942
44,71,30.705,60.565,108.58
44,72,30.715,60.565,108.949
44,73,30.725,60.565,108.974
44,74,30.735,60.565,108.651
44,75,30.745,60.565,108.045
44,76,30.755,60.565,107.279
44,77,30.765,60.565,106.509
44,78,30.775,60.565,105.891
44,79,30.785,60.565,105.551
44,80,30.795,60.565,105.557
44,81,30.805,60.565,105.909
44,82,30.815,60.565,106.535
44,83,30.825,60.565,107.309
44,84,30.835,60.565,108.072
44,85,30.845,60.565,108.67
44,86,30.855,60.565,108.982
44,87,30.865,60.565,108.944
44,88,30.875,60.565,108.564
44,89,30.885,60.565,107.92
44,90,30.895,60.565,107.141
44,91,30.905,60.565,106.387
44,92,30.915,60.565,105.81
44,93,30.925,60.565,105.528
44,94,30.935,60.565,105.598
44,95,30.945,60.565,106.006
44,96,30.955,60.565,106.668
44,97,30.965,60.565,107.452
44,98,30.975,60.565,108.196
44,99,30.985,60.565,108.751
44,100,30.995,60.565,109.004
45,1,30.005,60.555,108.245
45,2,30.015,60.555,108.857
45,3,30.025,60.555,109.189
45,4,30.035,60.555,109.174
45,5,30.045,60.555,108.813
45,6,30.055,60.555,108.182
45,7,30.065,60.555,107.407
45,8,30.075,60.555,106.647
45,9,30.085,60.555,106.055
45,10,30.095,60.555,105.752
45,11,30.105,60.555,105.8
45,12,30.115,60.555,106.189
45,13,30.125,60.555,106.839
45,14,30.135,60.555,107.619
45,15,30.145,60.555,108.371
45,16,30.155,60.555,108.942
45,17,30.165,60.555,109.215
45,18,30.175,60.555,109.136
45,19,30.185,60.555,108.721
45,20,30.195,60.555,108.053
45,21,30.205,60.555,107.269
45,22,30.215,60.555,106.528
45,23,30.225,60.555,105.98
45,24,30.235,60.555,105.737
45,25,30.245,60.555,105.848
45,26,30.255,60.555,106.29
45,27,30.265,60.555,106.974
45,28,30.275,60.555,107.762
45,29,30.285,60.555,108.492
45,30,30.295,60.555,109.017
45,31,30.305,60.555,109.23
45,32,30.315,60.555,109.088
45,33,30.325,60.555,108.62
45,34,30.335,60.555,107.921
45,35,30.345,60.555,107.133
45,36,30.355,60.555,106.416
45,37,30.365,60.555,105.915
45,38,30.375,60.555,105.733
45,39,30.385,60.555,105.906
45,40,30.395,60.555,106.4
45,41,30.405,60.555,107.113
45,42,30.415,60.555,107.902
45,43,30.425,60.555,108.606
45,44,30.435,60.555,109.082
45,45,30.445,60.555,109.233
45,46,30.455,60.555,109.03
45,47,30.465,60.555,108.512
45,48,30.475,60.555,107.786
45,49,30.485,60.555,106.999
45,50,30.495,60.555,106.31
45,51,30.505,60.555,105.86
45,52,30.515,60.555,105.74
45,53,30.525,60.555,105.975
45,54,30.535,60.555,106.516
45,55,30.545,60.555,107.254
45,56,30.555,60.555,108.04
45,57,30.565,60.555,108.713
45,58,30.575,60.555,109.136
45,59,30.585,60.555,109.225
45,60,30.595,60.555,108.961
45,61,30.605,60.555,108.397
45,62,30.615,60.555,107.649
45,63,30.625,60.555,106.868
45,64,30.635,60.555,106.212
45,65,30.645,60.555,105.816
45,66,30.655,60.555,105.759
45,67,30.665,60.555,106.053
45,68,30.675,60.555,106.639
45,69,30.685,60.555,107.397
45,70,30.695,60.555,108.174
45,71,30.705,60.555,108.811
45,72,30.715,60.555,109.181
45,73,30.725,60.555,109.206
45,74,30.735,60.555,108.883
45,75,30.745,60.555,108.277
45,76,30.755,60.555,107.511
45,77,30.765,60.555,106.741
45,78,30.775,60.555,106.123
45,79,30.785,60.555,105.782
45,80,30.795,60.555,105.789
45,81,30.805,60.555,106.141
45,82,30.815,60.555,106.767
45,83,30.825,60.555,107.54
45,84,30.835,60.555,108.304
45,85,30.845,60.555,108.902
45,86,30.855,60.555,109.214
45,87,30.865,60.555,109.176
45,88,30.875,60.555,108.796
45,89,30.885,60.555,108.151
45,90,30.895,60.555,107.373
45,91,30.905,60.555,106.619
45,92,30.915,60.555,106.042
45,93,30.925,60.555,105.76
45,94,30.935,60.555,105.83
45,95,30.945,60.555,106.237
45,96,30.955,60.555,106.9
45,97,30.965,60.555,107.683
45,98,30.975,60.555,108.428
45,99,30.985,60.555,108.983
45,100,30.995,60.555,109.236
46,1,30.005,60.545,108.546
46,2,30.015,60.545,109.159
46,3,30.025,60.545,109.491
46,4,30.035,60.545,109.475
46,5,30.045,60.545,109.115
46,6,30.055,60.545,108.484
46,7,30.065,60.545,107.709
46,8,30.075,60.545,106.948
46,9,30.085,60.545,106.357
46,10,30.095,60.545,106.054
46,11,30.105,60.545,106.102
46,12,30.115,60.545,106.49
46,13,30.125,60.545,107.141
46,14,30.135,60.545,107.921
46,15,30.145,60.545,108.673
46,16,30.155,60.545,109.243
46,17,30.165,60.545,109.517
46,18,30.175,60.545,109.438
46,19,30.185,60.545,109.023
46,20,30.195,60.545,108.355
46,21,30.205,60.545,107.571
46,22,30.215,60.545,106.83
46,23,30.225,60.545,106.282
46,24,30.235,60.545,106.039
46,25,30.245,60.545,106.15
46,26,30.255,60.545,106.592
46,27,30.265,60.545,107.276
46,28,30.275,60.545,108.063
46,29,30.285,60.545,108.793
46,30,30.295,60.545,109.318
46,31,30.305,60.545,109.532
46,32,30.315,60.545,109.39
46,33,30.325,60.545,108.922
46,34,30.335,60.545,108.223
46,35,30.345,60.545,107.435
46,36,30.355,60.545,106.717
46,37,30.365,60.545,106.217
46,38,30.375,60.545,106.035
46,39,30.385,60.545,106.208
46,40,30.395,60.545,106.702
46,41,30.405,60.545,107.415
46,42,30.415,60.545,108.204
46,43,30.425,60.545,108.908
46,44,30.435,60.545,109.384
46,45,30.445,60.545,109.535
46,46,30.455,60.545,109.331
46,47,30.465,60.545,108.814
46,48,30.475,60.545,108.088
46,49,30.485,60.545,107.3
46,50,30.495,60.545,106.612
46,51,30.505,60.545,106.162
46,52,30.515,60.545,106.042
46,53,30.525,60.545,106.277
46,54,30.535,60.545,106.818
46,55,30.545,60.545,107.556
46,56,30.555,60.545,108.341
46,57,30.565,60.545,109.014
46,58,30.575,60.545,109.438
46,59,30.585,60.545,109.527
46,60,30.595,60.545,109.263
46,61,30.605,60.545,108.699
46,62,30.615,60.545,107.951
46,63,30.625,60.545,107.169
46,64,30.635,60.545,106.514
46,65,30.645,60.545,106.118
46,66,30.655,60.545,106.061
46,67,30.665,60.545,106.355
46,68,30.675,60.545,106.941
46,69,30.685,60.545,107.699
46,70,30.695,60.545,108.476
46,71,30.705,60.545,109.113
46,72,30.715,60.545,109.482
46,73,30.725,60.545,109.508
46,74,30.735,60.545,109.185
46,75,30.745,60.545,108.579
46,76,30.755,60.545,107.813
46,77,30.765,60.545,107.042
46,78,30.775,60.545,106.424
46,79,30.785,60.545,106.084
46,80,30.795,60.545,106.091
46,81,30.805,60.545,106.443
46,82,30.815,60.545,107.069
46,83,30.825,60.545,107.842
46,84,30.835,60.545,108.605
46,85,30.845,60.545,109.204
46,86,30.855,60.545,109.515
46,87,30.865,60.545,109.478
46,88,30.875,60.545,109.098
46,89,30.885,60.545,108.453
46,90,30.895,60.545,107.675
46,91,30.905,60.545,106.92
46,92,30.915,60.545,106.344
46,93,30.925,60.545,106.061
46,94,30.935,60.545,106.131
46,95,30.945,60.545,106.539
46,96,30.955,60.545,107.202
46,97,30.965,60.545,107.985
46,98,30.975,60.545,108.73
46,99,30.985,60.545,109.285
46,100,30.995,60.545,109.537
47,1,30.005,60.535,108.877
47,2,30.015,60.535,109.49
47,3,30.025,60.535,109.822
47,4,30.035,60.535,109.806
47,5,30.045,60.535,109.446
47,6,30.055,60.535,108.815
47,7,30.065,60.535,108.04
47,8,30.075,60.535,107.279
47,9,30.085,60.535,106.688
47,10,30.095,60.535,106.385
47,11,30.105,60.535,106.433
47,12,30.115,60.535,106.821
47,13,30.125,60.535,107.472
47,14,30.135,60.535,108.252
47,15,30.145,60.535,109.004
47,16,30.155,60.535,109.574
47,17,30.165,60.535,109.848
47,18,30.175,60.535,109.769
47,19,30.185,60.535,109.354
47,20,30.195,60.535,108.686
47,21,30.205,60.535,107.902
47,22,30.215,60.535,107.161
47,23,30.225,60.535,106.613
47,24,30.235,60.535,106.37
47,25,30.245,60.535,106.481
47,26,30.255,60.535,106.923
47,27,30.265,60.535,107.607
47,28,30.275,60.535,108.394
47,29,30.285,60.535,109.124
47,30,30.295,60.535,109.649
47,31,30.305,60.535,109.863
47,32,30.315,60.535,109.721
47,33,30.325,60.535,109.253
47,34,30.335,60.535,108.554
47,35,30.345,60.535,107.766
47,36,30.355,60.535,107.048
47,37,30.365,60.535,106.548
47,38,30.375,60.535,106.366
47,39,30.385,60.535,106.539
47,40,30.395,60.535,107.033
47,41,30.405,60.535,107.746
47,42,30.415,60.535,108.535
47,43,30.425,60.535,109.239
47,44,30.435,60.535,109.715
47,45,30.445,60.535,109.866
47,46,30.455,60.535,109.662
47,47,30.465,60.535,109.145
47,48,30.475,60.535,108.419
47,49,30.485,60.535,107.631
47,50,30.495,60.535,106.943
47,51,30.505,60.535,106.493
47,52,30.515,60.535,106.373
47,53,30.525,60.535,106.608
47,54,30.535,60.535,107.149
47,55,30.545,60.535,107.887
47,56,30.555,60.535,108.673
47,57,30.565,60.535,109.345
47,58,30.575,60.535,109.769
47,59,30.585,60.535,109.858
47,60,30.595,60.535,109.594
47,61,30.605,60.535,109.03
47,62,30.615,60.535,108.282
47,63,30.625,60.535,107.5
47,64,30.635,60.535,106.845
47,65,30.645,60.535,106.449
47,66,30.655,60.535,106.392
47,67,30.665,60.535,106.686
47,68,30.675,60.535,107.272
47,69,30.685,60.535,108.03
47,70,30.695,60.535,108.807
47,71,30.705,60.535,109.444
47,72,30.715,60.535,109.813
47,73,30.725,60.535,109.839
47,74,30.735,60.535,109.516
47,75,30.745,60.535,108.91
47,76,30.755,60.535,108.144
47,77,30.765,60.535,107.373
47,78,30.775,60.535,106.755
47,79,30.785,60.535,106.415
47,80,30.795,60.535,106.422
47,81,30.805,60.535,106.774
47,82,30.815,60.535,107.4
47,83,30.825,60.535,108.173
47,84,30.835,60.535,108.936
47,85,30.845,60.535,109.535
47,86,30.855,60.535,109.846
47,87,30.865,60.535,109.809
47,88,30.875,60.535,109.429
47,89,30.885,60.535,108.784
47,90,30.895,60.535,108.006
47,91,30.905,60.535,107.251
47,92,30.915,60.535,106.675
47,93,30.925,60.535,106.393
47,94,30.935,60.535,106.462
47,95,30.945,60.535,106.87
47,96,30.955,60.535,107.533
47,97,30.965,60.535,108.316
47,98,30.975,60.535,109.061
47,99,30.985,60.535,109.616
47,100,30.995,60.535,109.868
48,1,30.005,60.525,109.193
48,2,30.015,60.525,109.805
48,3,30.025,60.525,110.137
48,4,30.035,60.525,110.122
48,5,30.045,60.525,109.762
48,6,30.055,60.525,109.13
48,7,30.065,60.525,108.355
48,8,30.075,60.525,107.595
48,9,30.085,60.525,107.003
48,10,30.095,60.525,106.7
48,11,30.105,60.525,106.748
48,12,30.115,60.525,107.137
48,13,30.125,60.525,107.787
48,14,30.135,60.525,108.567
48,15,30.145,60.525,109.319
48,16,30.155,60.525,109.89
48,17,30.165,60.525,110.163
48,18,30.175,60.525,110.084
48,19,30.185,60.525,109.669
48,20,30.195,60.525,109.001
48,21,30.205,60.525,108.217
48,22,30.215,60.525,107.476
48,23,30.225,60.525,106.928
48,24,30.235,60.525,106.685
48,25,30.245,60.525,106.796
48,26,30.255,60.525,107.238
48,27,30.265,60.525,107.923
48,28,30.275,60.525,108.71
48,29,30.285,60.525,109.44
48,30,30.295,60.525,109.965
48,31,30.305,60.525,110.178
48,32,30.315,60.525,110.036
48,33,30.325,60.525,109.568
48,34,30.335,60.525,108.869
48,35,30.345,60.525,108.081
48,36,30.355,60.525,107.364
48,37,30.365,60.525,106.863
48,38,30.375,60.525,106.681
48,39,30.385,60.525,106.854
48,40,30.395,60.525,107.348
48,41,30.405,60.525,108.061
48,42,30.415,60.525,108.85
48,43,30.425,60.525,109.554
48,44,30.435,60.525,110.03
48,45,30.445,60.525,110.181
48,46,30.455,60.525,109.978
48,47,30.465,60.525,109.46
48,48,30.475,60.525,108.734
48,49,30.485,60.525,107.947
48,50,30.495,60.525,107.258
48,51,30.505,60.525,106.808
48,52,30.515,60.525,106.689
48,53,30.525,60.525,106.923
48,54,30.535,60.525,107.464
48,55,30.545,60.525,108.203
48,56,30.555,60.525,108.988
48,57,30.565,60.525,109.661
48,58,30.575,60.525,110.085
48,59,30.585,60.525,110.173
48,60,30.595,60.525,109.909
48,61,30.605,60.525,109.346
48,62,30.615,60.525,108.597
48,63,30.625,60.525,107.816
48,64,30.635,60.525,107.16
48,65,30.645,60.525,106.764
48,66,30.655,60.525,106.707
48,67,30.665,60.525,107.001
48,68,30.675,60.525,107.587
48,69,30.685,60.525,108.345
48,70,30.695,60.525,109.122
48,71,30.705,60.525,109.76
48,72,30.715,60.525,110.129
48,73,30.725,60.525,110.154
48,74,30.735,60.525,109.831
48,75,30.745,60.525,109.225
48,76,30.755,60.525,108.459
48,77,30.765,60.525,107.689
48,78,30.775,60.525,107.071
48,79,30.785,60.525,106.73
48,80,30.795,60.525,106.737
48,81,30.805,60.525,107.089
48,82,30.815,60.525,107.715
48,83,30.825,60.525,108.489
48,84,30.835,60.525,109.252
48,85,30.845,60.525,109.85
48,86,30.855,60.525,110.162
48,87,30.865,60.525,110.124
48,88,30.875,60.525,109.744
48,89,30.885,60.525,109.099
48,90,30.895,60.525,108.321
48,91,30.905,60.525,107.567
48,92,30.915,60.525,106.99
48,93,30.925,60.525,106.708
48,94,30.935,60.525,106.778
48,95,30.945,60.525,107.185
48,96,30.955,60.525,107.848
48,97,30.965,60.525,108.631
48,98,30.975,60.525,109.376
48,99,30.985,60.525,109.931
48,100,30.995,60.525,110.184
49,1,30.005,60.515,109.45
49,2,30.015,60.515,110.062
49,3,30.025,60.515,110.394
49,4,30.035,60.515,110.379
49,5,30.045,60.515,110.018
49,6,30.055,60.515,109.387
49,7,30.065,60.515,108.612
49,8,30.075,60.515,107.852
49,9,30.085,60.515,107.26
49,10,30.095,60.515,106.957
49,11,30.105,60.515,107.005
49,12,30.115,60.515,107.394
49,13,30.125,60.515,108.044
49,14,30.135,60.515,108.824
49,15,30.145,60.515,109.576
49,16,30.155,60.515,110.147
49,17,30.165,60.515,110.42
49,18,30.175,60.515,110.341
49,19,30.185,60.515,109.926
49,20,30.195,60.515,109.258
49,21,30.205,60.515,108.474
49,22,30.215,60.515,107.733
49,23,30.225,60.515,107.185
49,24,30.235,60.515,106.942
49,25,30.245,60.515,107.053
49,26,30.255,60.515,107.495
49,27,30.265,60.515,108.18
49,28,30.275,60.515,108.967
49,29,30.285,60.515,109.697
49,30,30.295,60.515,110.222
49,31,30.305,60.515,110.435
49,32,30.315,60.515,110.293
49,33,30.325,60.515,109.825
49,34,30.335,60.515,109.126
49,35,30.345,60.515,108.338
49,36,30.355,60.515,107.621
49,37,30.365,60.515,107.12
49,38,30.375,60.515,106.938
49,39,30.385,60.515,107.111
49,40,30.395,60.515,107.605
49,41,30.405,60.515,108.318
49,42,30.415,60.515,109.107
49,43,30.425,60.515,109.811
49,44,30.435,60.515,110.287
49,45,30.445,60.515,110.438
49,46,30.455,60.515,110.235
49,47,30.465,60.515,109.717
49,48,30.475,60.515,108.991
49,49,30.485,60.515,108.204
49,50,30.495,60.515,107.515
49,51,30.505,60.515,107.065
49,52,30.515,60.515,106.945
49,53,30.525,60.515,107.18
49,54,30.535,60.515,107.721
49,55,30.545,60.515,108.46
49,56,30.555,60.515,109.245
49,57,30.565,60.515,109.918
49,58,30.575,60.515,110.342
49,59,30.585,60.515,110.43
49,60,30.595,60.515,110.166
49,61,30.605,60.515,109.603
49,62,30.615,60.515,108.854
49,63,30.625,60.515,108.073
49,64,30.635,60.515,107.417
49,65,30.645,60.515,107.021
49,66,30.655,60.515,106.964
49,67,30.665,60.515,107.258
49,68,30.675,60.515,107.844
49,69,30.685,60.515,108.602
49,70,30.695,60.515,109.379
49,71,30.705,60.515,110.017
49,72,30.715,60.515,110.386
49,73,30.725,60.515,110.411
49,74,30.735,60.515,110.088
49,75,30.745,60.515,109.482
49,76,30.755,60.515,108.716
49,77,30.765,60.515,107.946
49,78,30.775,60.515,107.328
49,79,30.785,60.515,106.987
49,80,30.795,60.515,106.994
49,81,30.805,60.515,107.346
49,82,30.815,60.515,107.972
49,83,30.825,60.515,108.745
49,84,30.835,60.515,109.509
49,85,30.845,60.515,110.107
49,86,30.855,60.515,110.419
49,87,30.865,60.515,110.381
49,88,30.875,60.515,110.001
49,89,30.885,60.515,109.356
49,90,30.895,60.515,108.578
49,91,30.905,60.515,107.824
49,92,30.915,60.515,107.247
49,93,30.925,60.515,106.965
49,94,30.935,60.515,107.035
49,95,30.945,60.515,107.442
49,96,30.955,60.515,108.105
49,97,30.965,60.515,108.888
49,98,30.975,60.515,109.633
49,99,30.985,60.515,110.188
49,100,30.995,60.515,110.441
50,1,30.005,60.505,109.614
50,2,30.015,60.505,110.226
50,3,30.025,60.505,110.558
50,4,30.035,60.505,110.542
50,5,30.045,60.505,110.182
50,6,30.055,60.505,109.551
50,7,30.065,60.505,108.776
50,8,30.075,60.505,108.015
50,9,30.085,60.505,107.424
50,10,30.095,60.505,107.121
50,11,30.105,60.505,107.169
50,12,30.115,60.505,107.557
50,13,30.125,60.505,108.208
50,14,30.135,60.505,108.988
50,15,30.145,60.505,109.74
50,16,30.155,60.505,110.31
50,17,30.165,60.505,110.584
50,18,30.175,60.505,110.505
50,19,30.185,60.505,110.09
50,20,30.195,60.505,109.422
50,21,30.205,60.505,108.638
50,22,30.215,60.505,107.897
50,23,30.225,60.505,107.349
50,24,30.235,60.505,107.106
50,25,30.245,60.505,107.217
50,26,30.255,60.505,107.659
50,27,30.265,60.505,108.343
50,28,30.275,60.505,109.13
50,29,30.285,60.505,109.861
50,30,30.295,60.505,110.385
50,31,30.305,60.505,110.599
50,32,30.315,60.505,110.457
50,33,30.325,60.505,109.989
50,34,30.335,60.505,109.29
50,35,30.345,60.505,108.502
50,36,30.355,60.505,107.785
50,37,30.365,60.505,107.284
50,38,30.375,60.505,107.102
50,39,30.385,60.505,107.275
50,40,30.395,60.505,107.769
50,41,30.405,60.505,108.482
50,42,30.415,60.505,109.271
50,43,30.425,60.505,109.975
50,44,30.435,60.505,110.451
50,45,30.445,60.505,110.602
50,46,30.455,60.505,110.398
50,47,30.465,60.505,109.881
50,48,30.475,60.505,109.155
50,49,30.485,60.505,108.368
50,50,30.495,60.505,107.679
50,51,30.505,60.505,107.229
50,52,30.515,60.505,107.109
50,53,30.525,60.505,107.344
50,54,30.535,60.505,107.885
50,55,30.545,60.505,108.623
50,56,30.555,60.505,109.409
50,57,30.565,60.505,110.081
50,58,30.575,60.505,110.505
50,59,30.585,60.505,110.594
50,60,30.595,60.505,110.33
50,61,30.605,60.505,109.766
50,62,30.615,60.505,109.018
50,63,30.625,60.505,108.237
50,64,30.635,60.505,107.581
50,65,30.645,60.505,107.185
50,66,30.655,60.505,107.128
50,67,30.665,60.505,107.422
50,68,30.675,60.505,108.008
50,69,30.685,60.505,108.766
50,70,30.695,60.505,109.543
50,71,30.705,60.505,110.18
50,72,30.715,60.505,110.549
50,73,30.725,60.505,110.575
50,74,30.735,60.505,110.252
50,75,30.745,60.505,109.646
50,76,30.755,60.505,108.88
50,77,30.765,60.505,108.11
50,78,30.775,60.505,107.491
50,79,30.785,60.505,107.151
50,80,30.795,60.505,107.158
50,81,30.805,60.505,107.51
50,82,30.815,60.505,108.136
50,83,30.825,60.505,108.909
50,84,30.835,60.505,109.672
50,85,30.845,60.505,110.271
50,86,30.855,60.505,110.583
50,87,30.865,60.505,110.545
50,88,30.875,60.505,110.165
50,89,30.885,60.505,109.52
50,90,30.895,60.505,108.742
50,91,30.905,60.505,107.987
50,92,30.915,60.505,107.411
50,93,30.925,60.505,107.129
50,94,30.935,60.505,107.198
50,95,30.945,60.505,107.606
50,96,30.955,60.505,108.269
50,97,30.965,60.505,109.052
50,98,30.975,60.505,109.797
50,99,30.985,60.505,110.352
50,100,30.995,60.505,110.604
51,1,30.005,60.495,109.662
51,2,30.015,60.495,110.274
51,3,30.025,60.495,110.606
51,4,30.035,60.495,110.591
51,5,30.045,60.495,110.23
51,6,30.055,60.495,109.599
51,7,30.065,60.495,108.824
51,8,30.075,60.495,108.064
51,9,30.085,60.495,107.472
51,10,30.095,60.495,107.169
51,11,30.105,60.495,107.217
51,12,30.115,60.495,107.606
51,13,30.125,60.495,108.256
51,14,30.135,60.495,109.036
51,15,30.145,60.495,109.788
51,16,30.155,60.495,110.359
51,17,30.165,60.495,110.632
51,18,30.175,60.495,110.553
51,19,30.185,60.495,110.138
51,20,30.195,60.495,109.47
51,21,30.205,60.495,108.686
51,22,30.215,60.495,107.945
51,23,30.225,60.495,107.397
51,24,30.235,60.495,107.154
51,25,30.245,60.495,107.265
51,26,30.255,60.495,107.707
51,27,30.265,60.495,108.392
51,28,30.275,60.495,109.179
51,29,30.285,60.495,109.909
51,30,30.295,60.495,110.434
51,31,30.305,60.495,110.647
51,32,30.315,60.495,110.505
51,33,30.325,60.495,110.037
51,34,30.335,60.495,109.338
51,35,30.345,60.495,108.55
51,36,30.355,60.495,107.833
51,37,30.365,60.495,107.332
51,38,30.375,60.495,107.15
51,39,30.385,60.495,107.323
51,40,30.395,60.495,107.817
51,41,30.405,60.495,108.53
51,42,30.415,60.495,109.319
51,43,30.425,60.495,110.023
51,44,30.435,60.495,110.499
51,45,30.445,60.495,110.65
51,46,30.455,60.495,110.447
51,47,30.465,60.495,109.929
51,48,30.475,60.495,109.203
51,49,30.485,60.495,108.416
51,50,30.495,60.495,107.727
51,51,30.505,60.495,107.277
51,52,30.515,60.495,107.157
51,53,30.525,60.495,107.392
51,54,30.535,60.495,107.933
51,55,30.545,60.495,108.672
51,56,30.555,60.495,109.457
51,57,30.565,60.495,110.13
51,58,30.575,60.495,110.554
51,59,30.585,60.495,110.642
51,60,30.595,60.495,110.378
51,61,30.605,60.495,109.815
51,62,30.615,60.495,109.066
51,63,30.625,60.495,108.285
51,64,30.635,60.495,107.629
51,65,30.645,60.495,107.233
51,66,30.655,60.495,107.176
51,67,30.665,60.495,107.47
51,68,30.675,60.495,108.056
51,69,30.685,60.495,108.814
51,70,30.695,60.495,109.591
51,71,30.705,60.495,110.229
51,72,30.715,60.495,110.598
51,73,30.725,60.495,110.623
51,74,30.735,60.495,110.3
51,75,30.745,60.495,109.694
51,76,30.755,60.495,108.928
51,77,30.765,60.495,108.158
51,78,30.775,60.495,107.54
51,79,30.785,60.495,107.199
51,80,30.795,60.495,107.206
51,81,30.805,60.495,107.558
51,82,30.815,60.495,108.184
51,83,30.825,60.495,108.957
51,84,30.835,60.495,109.721
51,85,30.845,60.495,110.319
51,86,30.855,60.495,110.631
51,87,30.865,60.495,110.593
51,88,30.875,60.495,110.213
51,89,30.885,60.495,109.568
51,90,30.895,60.495,108.79
51,91,30.905,60.495,108.036
51,92,30.915,60.495,107.459
51,93,30.925,60.495,107.177
51,94,30.935,60.495,107.247
51,95,30.945,60.495,107.654
51,96,30.955,60.495,108.317
51,97,30.965,60.495,109.1
51,98,30.975,60.495,109.845
51,99,30.985,60.495,110.4
51,100,30.995,60.495,110.653
52,1,30.005,60.485,109.588
52,2,30.015,60.485,110.201
52,3,30.025,60.485,110.533
52,4,30.035,60.485,110.517
52,5,30.045,60.485,110.157
52,6,30.055,60.485,109.525
52,7,30.065,60.485,108.75
52,8,30.075,60.485,107.99
52,9,30.085,60.485,107.398
52,10,30.095,60.485,107.096
52,11,30.105,60.485,107.143
52,12,30.115,60.485,107.532
52,13,30.125,60.485,108.182
52,14,30.135,60.485,108.963
52,15,30.145,60.485,109.715
52,16,30.155,60.485,110.285
52,17,30.165,60.485,110.559
52,18,30.175,60.485,110.48
52,19,30.185,60.485,110.064
52,20,30.195,60.485,109.397
52,21,30.205,60.485,108.613
52,22,30.215,60.485,107.872
52,23,30.225,60.485,107.324
52,24,30.235,60.485,107.08
52,25,30.245,60.485,107.191
52,26,30.255,60.485,107.634
52,27,30.265,60.485,108.318
52,28,30.275,60.485,109.105
52,29,30.285,60.485,109.835
52,30,30.295,60.485,110.36
52,31,30.305,60.485,110.573
52,32,30.315,60.485,110.432
52,33,30.325,60.485,109.964
52,34,30.335,60.485,109.264
52,35,30.345,60.485,108.476
52,36,30.355,60.485,107.759
52,37,30.365,60.485,107.259
52,38,30.375,60.485,107.076
52,39,30.385,60.485,107.25
52,40,30.395,60.485,107.743
52,41,30.405,60.485,108.457
52,42,30.415,60.485,109.245
52,43,30.425,60.485,109.949
52,44,30.435,60.485,110.425
52,45,30.445,60.485,110.577
52,46,30.455,60.485,110.373
52,47,30.465,60.485,109.856
52,48,30.475,60.485,109.129
52,49,30.485,60.485,108.342
52,50,30.495,60.485,107.654
52,51,30.505,60.485,107.204
52,52,30.515,60.485,107.084
52,53,30.525,60.485,107.318
52,54,30.535,60.485,107.86
52,55,30.545,60.485,108.598
52,56,30.555,60.485,109.383
52,57,30.565,60.485,110.056
52,58,30.575,60.485,110.48
52,59,30.585,60.485,110.569
52,60,30.595,60.485,110.304
52,61,30.605,60.485,109.741
52,62,30.615,60.485,108.992
52,63,30.625,60.485,108.211
52,64,30.635,60.485,107.556
52,65,30.645,60.485,107.159
52,66,30.655,60.485,107.102
52,67,30.665,60.485,107.397
52,68,30.675,60.485,107.982
52,69,30.685,60.485,108.741
52,70,30.695,60.485,109.517
52,71,30.705,60.485,110.155
52,72,30.715,60.485,110.524
52,73,30.725,60.485,110.55
52,74,30.735,60.485,110.226
52,75,30.745,60.485,109.62
52,76,30.755,60.485,108.854
52,77,30.765,60.485,108.084
52,78,30.775,60.485,107.466
52,79,30.785,60.485,107.126
52,80,30.795,60.485,107.132
52,81,30.805,60.485,107.484
52,82,30.815,60.485,108.111
52,83,30.825,60.485,108.884
52,84,30.835,60.485,109.647
52,85,30.845,60.485,110.245
52,86,30.855,60.485,110.557
52,87,30.865,60.485,110.519
52,88,30.875,60.485,110.139
52,89,30.885,60.485,109.495
52,90,30.895,60.485,108.716
52,91,30.905,60.485,107.962
52,92,30.915,60.485,107.385
52,93,30.925,60.485,107.103
52,94,30.935,60.485,107.173
52,95,30.945,60.485,107.581
52,96,30.955,60.485,108.244
52,97,30.965,60.485,109.027
52,98,30.975,60.485,109.771
52,99,30.985,60.485,110.327
52,100,30.995,60.485,110.579
53,1,30.005,60.475,109.403
53,2,30.015,60.475,110.015
53,3,30.025,60.475,110.347
53,4,30.035,60.475,110.331
53,5,30.045,60.475,109.971
53,6,30.055,60.475,109.34
53,7,30.065,60.475,108.565
53,8,30.075,60.475,107.804
53,9,30.085,60.475,107.213
53,10,30.095,60.475,106.91
53,11,30.105,60.475,106.958
53,12,30.115,60.475,107.346
53,13,30.125,60.475,107.997
53,14,30.135,60.475,108.777
53,15,30.145,60.475,109.529
53,16,30.155,60.475,110.099
53,17,30.165,60.475,110.373
53,18,30.175,60.475,110.294
53,19,30.185,60.475,109.879
53,20,30.195,60.475,109.211
53,21,30.205,60.475,108.427
53,22,30.215,60.475,107.686
53,23,30.225,60.475,107.138
53,24,30.235,60.475,106.895
53,25,30.245,60.475,107.006
53,26,30.255,60.475,107.448
53,27,30.265,60.475,108.132
53,28,30.275,60.475,108.919
53,29,30.285,60.475,109.65
53,30,30.295,60.475,110.174
53,31,30.305,60.475,110.388
53,32,30.315,60.475,110.246
53,33,30.325,60.475,109.778
53,34,30.335,60.475,109.079
53,35,30.345,60.475,108.291
53,36,30.355,60.475,107.574
53,37,30.365,60.475,107.073
53,38,30.375,60.475,106.891
53,39,30.385,60.475,107.064
53,40,30.395,60.475,107.558
53,41,30.405,60.475,108.271
53,42,30.415,60.475,109.06
53,43,30.425,60.475,109.764
53,44,30.435,60.475,110.24
53,45,30.445,60.475,110.391
53,46,30.455,60.475,110.187
53,47,30.465,60.475,109.67
53,48,30.475,60.475,108.944
53,49,30.485,60.475,108.157
53,50,30.495,60.475,107.468
53,51,30.505,60.475,107.018
53,52,30.515,60.475,106.898
53,53,30.525,60.475,107.133
53,54,30.535,60.475,107.674
53,55,30.545,60.475,108.412
53,56,30.555,60.475,109.198
53,57,30.565,60.475,109.87
53,58,30.575,60.475,110.294
53,59,30.585,60.475,110.383
53,60,30.595,60.475,110.119
53,61,30.605,60.475,109.555
53,62,30.615,60.475,108.807
53,63,30.625,60.475,108.026
53,64,30.635,60.475,107.37
53,65,30.645,60.475,106.974
53,66,30.655,60.475,106.917
53,67,30.665,60.475,107.211
53,68,30.675,60.475,107.797
53,69,30.685,60.475,108.555
53,70,30.695,60.475,109.332
53,71,30.705,60.475,109.969
53,72,30.715,60.475,110.338
53,73,30.725,60.475,110.364
53,74,30.735,60.475,110.041
53,75,30.745,60.475,109.435
53,76,30.755,60.475,108.669
53,77,30.765,60.475,107.899
53,78,30.775,60.475,107.28
53,79,30.785,60.475,106.94
53,80,30.795,60.475,106.947
53,81,30.805,60.475,107.299
53,82,30.815,60.475,107.925
53,83,30.825,60.475,108.698
53,84,30.835,60.475,109.461
53,85,30.845,60.475,110.06
53,86,30.855,60.475,110.372
53,87,30.865,60.475,110.334
53,88,30.875,60.475,109.954
53,89,30.885,60.475,109.309
53,90,30.895,60.475,108.531
53,91,30.905,60.475,107.776
53,92,30.915,60.475,107.2
53,93,30.925,60.475,106.918
53,94,30.935,60.475,106.987
53,95,30.945,60.475,107.395
53,96,30.955,60.475,108.058
53,97,30.965,60.475,108.841
53,98,30.975,60.475,109.586
53,99,30.985,60.475,110.141
53,100,30.995,60.475,110.393
54,1,30.005,60.465,109.13
54,2,30.015,60.465,109.743
54,3,30.025,60.465,110.075
54,4,30.035,60.465,110.059
54,5,30.045,60.465,109.699
54,6,30.055,60.465,109.067
54,7,30.065,60.465,108.292
54,8,30.075,60.465,107.532
54,9,30.085,60.465,106.94
54,10,30.095,60.465,106.638
54,11,30.105,60.465,106.685
54,12,30.115,60.465,107.074
54,13,30.125,60.465,107.724
54,14,30.135,60.465,108.505
54,15,30.145,60.465,109.257
54,16,30.155,60.465,109.827
54,17,30.165,60.465,110.101
54,18,30.175,60.465,110.022
54,19,30.185,60.465,109.606
54,20,30.195,60.465,108.939
54,21,30.205,60.465,108.155
54,22,30.215,60.465,107.414
54,23,30.225,60.465,106.866
54,24,30.235,60.465,106.622
54,25,30.245,60.465,106.733
54,26,30.255,60.465,107.176
54,27,30.265,60.465,107.86
54,28,30.275,60.465,108.647
54,29,30.285,60.465,109.377
54,30,30.295,60.465,109.902
54,31,30.305,60.465,110.115
54,32,30.315,60.465,109.974
54,33,30.325,60.465,109.506
54,34,30.335,60.465,108.806
54,35,30.345,60.465,108.018
54,36,30.355,60.465,107.301
54,37,30.365,60.465,106.801
54,38,30.375,60.465,106.618
54,39,30.385,60.465,106.792
54,40,30.395,60.465,107.285
54,41,30.405,60.465,107.999
54,42,30.415,60.465,108.787
54,43,30.425,60.465,109.491
54,44,30.435,60.465,109.967
54,45,30.445,60.465,110.119
54,46,30.455,60.465,109.915
54,47,30.465,60.465,109.398
54,48,30.475,60.465,108.671
54,49,30.485,60.465,107.884
54,50,30.495,60.465,107.196
54,51,30.505,60.465,106.746
54,52,30.515,60.465,106.626
54,53,30.525,60.465,106.86
54,54,30.535,60.465,107.402
54,55,30.545,60.465,108.14
54,56,30.555,60.465,108.925
54,57,30.565,60.465,109.598
54,58,30.575,60.465,110.022
54,59,30.585,60.465,110.111
54,60,30.595,60.465,109.846
54,61,30.605,60.465,109.283
54,62,30.615,60.465,108.534
54,63,30.625,60.465,107.753
54,64,30.635,60.465,107.098
54,65,30.645,60.465,106.701
54,66,30.655,60.465,106.644
54,67,30.665,60.465,106.939
54,68,30.675,60.465,107.524
54,69,30.685,60.465,108.283
54,70,30.695,60.465,109.059
54,71,30.705,60.465,109.697
54,72,30.715,60.465,110.066
54,73,30.725,60.465,110.092
54,74,30.735,60.465,109.768
54,75,30.745,60.465,109.162
54,76,30.755,60.465,108.396
54,77,30.765,60.465,107.626
54,78,30.775,60.465,107.008
54,79,30.785,60.465,106.668
54,80,30.795,60.465,106.674
54,81,30.805,60.465,107.026
54,82,30.815,60.465,107.653
54,83,30.825,60.465,108.426
54,84,30.835,60.465,109.189
54,85,30.845,60.465,109.787
54,86,30.855,60.465,110.099
54,87,30.865,60.465,110.061
54,88,30.875,60.465,109.681
54,89,30.885,60.465,109.037
54,90,30.895,60.465,108.258
54,91,30.905,60.465,107.504
54,92,30.915,60.465,106.927
54,93,30.925,60.465,106.645
54,94,30.935,60.465,106.715
54,95,30.945,60.465,107.123
54,96,30.955,60.465,107.786
54,97,30.965,60.465,108.569
54,98,30.975,60.465,109.313
54,99,30.985,60.465,109.869
54,100,30.995,60.465,110.121
55,1,30.005,60.455,108.808
55,2,30.015,60.455,109.42
55,3,30.025,60.455,109.753
55,4,30.035,60.455,109.737
55,5,30.045,60.455,109.377
55,6,30.055,60.455,108.745
55,7,30.065,60.455,107.97
55,8,30.075,60.455,107.21
55,9,30.085,60.455,106.618
55,10,30.095,60.455,106.316
55,11,30.105,60.455,106.363
55,12,30.115,60.455,106.752
55,13,30.125,60.455,107.402
55,14,30.135,60.455,108.183
55,15,30.145,60.455,108.934
55,16,30.155,60.455,109.505
55,17,30.165,60.455,109.778
55,18,30.175,60.455,109.699
55,19,30.185,60.455,109.284
55,20,30.195,60.455,108.616
55,21,30.205,60.455,107.833
55,22,30.215,60.455,107.091
55,23,30.225,60.455,106.543
55,24,30.235,60.455,106.3
55,25,30.245,60.455,106.411
55,26,30.255,60.455,106.854
55,27,30.265,60.455,107.538
55,28,30.275,60.455,108.325
55,29,30.285,60.455,109.055
55,30,30.295,60.455,109.58
55,31,30.305,60.455,109.793
55,32,30.315,60.455,109.651
55,33,30.325,60.455,109.183
55,34,30.335,60.455,108.484
55,35,30.345,60.455,107.696
55,36,30.355,60.455,106.979
55,37,30.365,60.455,106.478
55,38,30.375,60.455,106.296
55,39,30.385,60.455,106.47
55,40,30.395,60.455,106.963
55,41,30.405,60.455,107.677
55,42,30.415,60.455,108.465
55,43,30.425,60.455,109.169
55,44,30.435,60.455,109.645
55,45,30.445,60.455,109.796
55,46,30.455,60.455,109.593
55,47,30.465,60.455,109.075
55,48,30.475,60.455,108.349
55,49,30.485,60.455,107.562
55,50,30.495,60.455,106.873
55,51,30.505,60.455,106.424
55,52,30.515,60.455,106.304
55,53,30.525,60.455,106.538
55,54,30.535,60.455,107.079
55,55,30.545,60.455,107.818
55,56,30.555,60.455,108.603
55,57,30.565,60.455,109.276
55,58,30.575,60.455,109.7
55,59,30.585,60.455,109.789
55,60,30.595,60.455,109.524
55,61,30.605,60.455,108.961
55,62,30.615,60.455,108.212
55,63,30.625,60.455,107.431
55,64,30.635,60.455,106.776
55,65,30.645,60.455,106.379
55,66,30.655,60.455,106.322
55,67,30.665,60.455,106.617
55,68,30.675,60.455,107.202
55,69,30.685,60.455,107.96
55,70,30.695,60.455,108.737
55,71,30.705,60.455,109.375
55,72,30.715,60.455,109.744
55,73,30.725,60.455,109.769
55,74,30.735,60.455,109.446
55,75,30.745,60.455,108.84
55,76,30.755,60.455,108.074
55,77,30.765,60.455,107.304
55,78,30.775,60.455,106.686
55,79,30.785,60.455,106.346
55,80,30.795,60.455,106.352
55,81,30.805,60.455,106.704
55,82,30.815,60.455,107.33
55,83,30.825,60.455,108.104
55,84,30.835,60.455,108.867
55,85,30.845,60.455,109.465
55,86,30.855,60.455,109.777
55,87,30.865,60.455,109.739
55,88,30.875,60.455,109.359
55,89,30.885,60.455,108.715
55,90,30.895,60.455,107.936
55,91,30.905,60.455,107.182
55,92,30.915,60.455,106.605
55,93,30.925,60.455,106.323
55,94,30.935,60.455,106.393
55,95,30.945,60.455,106.801
55,96,30.955,60.455,107.463
55,97,30.965,60.455,108.247
55,98,30.975,60.455,108.991
55,99,30.985,60.455,109.546
55,100,30.995,60.455,109.799
56,1,30.005,60.445,108.48
56,2,30.015,60.445,109.092
56,3,30.025,60.445,109.424
56,4,30.035,60.445,109.409
56,5,30.045,60.445,109.048
56,6,30.055,60.445,108.417
56,7,30.065,60.445,107.642
56,8,30.075,60.445,106.882
56,9,30.085,60.445,106.29
56,10,30.095,60.445,105.987
56,11,30.105,60.445,106.035
56,12,30.115,60.445,106.424
56,13,30.125,60.445,107.074
56,14,30.135,60.445,107.854
56,15,30.145,60.445,108.606
56,16,30.155,60.445,109.177
56,17,30.165,60.445,109.45
56,18,30.175,60.445,109.371
56,19,30.185,60.445,108.956
56,20,30.195,60.445,108.288
56,21,30.205,60.445,107.504
56,22,30.215,60.445,106.763
56,23,30.225,60.445,106.215
56,24,30.235,60.445,105.972
56,25,30.245,60.445,106.083
56,26,30.255,60.445,106.525
56,27,30.265,60.445,107.209
56,28,30.275,60.445,107.997
56,29,30.285,60.445,108.727
56,30,30.295,60.445,109.252
56,31,30.305,60.445,109.465
56,32,30.315,60.445,109.323
56,33,30.325,60.445,108.855
56,34,30.335,60.445,108.156
56,35,30.345,60.445,107.368
56,36,30.355,60.445,106.651
56,37,30.365,60.445,106.15
56,38,30.375,60.445,105.968
56,39,30.385,60.445,106.141
56,40,30.395,60.445,106.635
56,41,30.405,60.445,107.348
56,42,30.415,60.445,108.137
56,43,30.425,60.445,108.841
56,44,30.435,60.445,109.317
56,45,30.445,60.445,109.468
56,46,30.455,60.445,109.265
56,47,30.465,60.445,108.747
56,48,30.475,60.445,108.021
56,49,30.485,60.445,107.234
56,50,30.495,60.445,106.545
56,51,30.505,60.445,106.095
56,52,30.515,60.445,105.975
56,53,30.525,60.445,106.21
56,54,30.535,60.445,106.751
56,55,30.545,60.445,107.489
56,56,30.555,60.445,108.275
56,57,30.565,60.445,108.948
56,58,30.575,60.445,109.371
56,59,30.585,60.445,109.46
56,60,30.595,60.445,109.196
56,61,30.605,60.445,108.632
56,62,30.615,60.445,107.884
56,63,30.625,60.445,107.103
56,64,30.635,60.445,106.447
56,65,30.645,60.445,106.051
56,66,30.655,60.445,105.994
56,67,30.665,60.445,106.288
56,68,30.675,60.445,106.874
56,69,30.685,60.445,107.632
56,70,30.695,60.445,108.409
56,71,30.705,60.445,109.046
56,72,30.715,60.445,109.416
56,73,30.725,60.445,109.441
56,74,30.735,60.445,109.118
56,75,30.745,60.445,108.512
56,76,30.755,60.445,107.746
56,77,30.765,60.445,106.976
56,78,30.775,60.445,106.358
56,79,30.785,60.445,106.017
56,80,30.795,60.445,106.024
56,81,30.805,60.445,106.376
56,82,30.815,60.445,107.002
56,83,30.825,60.445,107.775
56,84,30.835,60.445,108.539
56,85,30.845,60.445,109.137
56,86,30.855,60.445,109.449
56,87,30.865,60.445,109.411
56,88,30.875,60.445,109.031
56,89,30.885,60.445,108.386
56,90,30.895,60.445,107.608
56,91,30.905,60.445,106.854
56,92,30.915,60.445,106.277
56,93,30.925,60.445,105.995
56,94,30.935,60.445,106.065
56,95,30.945,60.445,106.472
56,96,30.955,60.445,107.135
56,97,30.965,60.445,107.918
56,98,30.975,60.445,108.663
56,99,30.985,60.445,109.218
56,100,30.995,60.445,109.471
57,1,30.005,60.435,108.19
57,2,30.015,60.435,108.802
57,3,30.025,60.435,109.134
57,4,30.035,60.435,109.119
57,5,30.045,60.435,108.758
57,6,30.055,60.435,108.127
57,7,30.065,60.435,107.352
57,8,30.075,60.435,106.592
57,9,30.085,60.435,106.0
57,10,30.095,60.435,105.697
57,11,30.105,60.435,105.745
57,12,30.115,60.435,106.134
57,13,30.125,60.435,106.784
57,14,30.135,60.435,107.564
57,15,30.145,60.435,108.316
57,16,30.155,60.435,108.887
57,17,30.165,60.435,109.16
57,18,30.175,60.435,109.081
57,19,30.185,60.435,108.666
57,20,30.195,60.435,107.998
57,21,30.205,60.435,107.214
57,22,30.215,60.435,106.473
57,23,30.225,60.435,105.925
57,24,30.235,60.435,105.682
57,25,30.245,60.435,105.793
57,26,30.255,60.435,106.235
57,27,30.265,60.435,106.92
57,28,30.275,60.435,107.707
57,29,30.285,60.435,108.437
57,30,30.295,60.435,108.962
57,31,30.305,60.435,109.175
57,32,30.315,60.435,109.033
57,33,30.325,60.435,108.565
57,34,30.335,60.435,107.866
57,35,30.345,60.435,107.078
57,36,30.355,60.435,106.361
57,37,30.365,60.435,105.86
57,38,30.375,60.435,105.678
57,39,30.385,60.435,105.851
57,40,30.395,60.435,106.345
57,41,30.405,60.435,107.058
57,42,30.415,60.435,107.847
57,43,30.425,60.435,108.551
57,44,30.435,60.435,109.027
57,45,30.445,60.435,109.178
57,46,30.455,60.435,108.975
57,47,30.465,60.435,108.457
57,48,30.475,60.435,107.731
57,49,30.485,60.435,106.944
57,50,30.495,60.435,106.255
57,51,30.505,60.435,105.805
57,52,30.515,60.435,105.685
57,53,30.525,60.435,105.92
57,54,30.535,60.435,106.461
57,55,30.545,60.435,107.2
57,56,30.555,60.435,107.985
57,57,30.565,60.435,108.658
57,58,30.575,60.435,109.082
57,59,30.585,60.435,109.17
57,60,30.595,60.435,108.906
57,61,30.605,60.435,108.343
57,62,30.615,60.435,107.594
57,63,30.625,60.435,106.813
57,64,30.635,60.435,106.157
57,65,30.645,60.435,105.761
57,66,30.655,60.435,105.704
57,67,30.665,60.435,105.998
57,68,30.675,60.435,106.584
57,69,30.685,60.435,107.342
57,70,30.695,60.435,108.119
57,71,30.705,60.435,108.757
57,72,30.715,60.435,109.126
57,73,30.725,60.435,109.151
57,74,30.735,60.435,108.828
57,75,30.745,60.435,108.222
57,76,30.755,60.435,107.456
57,77,30.765,60.435,106.686
57,78,30.775,60.435,106.068
57,79,30.785,60.435,105.727
57,80,30.795,60.435,105.734
57,81,30.805,60.435,106.086
57,82,30.815,60.435,106.712
57,83,30.825,60.435,107.485
57,84,30.835,60.435,108.249
57,85,30.845,60.435,108.847
57,86,30.855,60.435,109.159
57,87,30.865,60.435,109.121
57,88,30.875,60.435,108.741
57,89,30.885,60.435,108.096
57,90,30.895,60.435,107.318
57,91,30.905,60.435,106.564
57,92,30.915,60.435,105.987
57,93,30.925,60.435,105.705
57,94,30.935,60.435,105.775
57,95,30.945,60.435,106.182
57,96,30.955,60.435,106.845
57,97,30.965,60.435,107.628
57,98,30.975,60.435,108.373
57,99,30.985,60.435,108.928
57,100,30.995,60.435,109.181
58,1,30.005,60.425,107.978
58,2,30.015,60.425,108.59
58,3,30.025,60.425,108.922
58,4,30.035,60.425,108.907
58,5,30.045,60.425,108.546
58,6,30.055,60.425,107.915
58,7,30.065,60.425,107.14
58,8,30.075,60.425,106.38
58,9,30.085,60.425,105.788
58,10,30.095,60.425,105.485
58,11,30.105,60.425,105.533
58,12,30.115,60.425,105.922
58,13,30.125,60.425,106.572
58,14,30.135,60.425,107.352
58,15,30.145,60.425,108.104
58,16,30.155,60.425,108.675
58,17,30.165,60.425,108.948
58,18,30.175,60.425,108.869
58,19,30.185,60.425,108.454
58,20,30.195,60.425,107.786
58,21,30.205,60.425,107.002
58,22,30.215,60.425,106.261
58,23,30.225,60.425,105.713
58,24,30.235,60.425,105.47
58,25,30.245,60.425,105.581
58,26,30.255,60.425,106.023
58,27,30.265,60.425,106.708
58,28,30.275,60.425,107.495
58,29,30.285,60.425,108.225
58,30,30.295,60.425,108.75
58,31,30.305,60.425,108.963
58,32,30.315,60.425,108.821
58,33,30.325,60.425,108.353
58,34,30.335,60.425,107.654
58,35,30.345,60.425,106.866
58,36,30.355,60.425,106.149
58,37,30.365,60.425,105.648
58,38,30.375,60.425,105.466
58,39,30.385,60.425,105.639
58,40,30.395,60.425,106.133
58,41,30.405,60.425,106.846
58,42,30.415,60.425,107.635
58,43,30.425,60.425,108.339
58,44,30.435,60.425,108.815
58,45,30.445,60.425,108.966
58,46,30.455,60.425,108.763
58,47,30.465,60.425,108.245
58,48,30.475,60.425,107.519
58,49,30.485,60.425,106.732
58,50,30.495,60.425,106.043
58,51,30.505,60.425,105.593
58,52,30.515,60.425,105.473
58,53,30.525,60.425,105.708
58,54,30.535,60.425,106.249
58,55,30.545,60.425,106.987
58,56,30.555,60.425,107.773
58,57,30.565,60.425,108.446
58,58,30.575,60.425,108.87
58,59,30.585,60.425,108.958
58,60,30.595,60.425,108.694
58,61,30.605,60.425,108.13
58,62,30.615,60.425,107.382
58,63,30.625,60.425,106.601
58,64,30.635,60.425,105.945
58,65,30.645,60.425,105.549
58,66,30.655,60.425,105.492
58,67,30.665,60.425,105.786
58,68,30.675,60.425,106.372
58,69,30.685,60.425,107.13
58,70,30.695,60.425,107.907
58,71,30.705,60.425,108.545
58,72,30.715,60.425,108.914
58,73,30.725,60.425,108.939
58,74,30.735,60.425,108.616
58,75,30.745,60.425,108.01
58,76,30.755,60.425,107.244
58,77,30.765,60.425,106.474
58,78,30.775,60.425,105.856
58,79,30.785,60.425,105.515
58,80,30.795,60.425,105.522
58,81,30.805,60.425,105.874
58,82,30.815,60.425,106.5
58,83,30.825,60.425,107.273
58,84,30.835,60.425,108.037
58,85,30.845,60.425,108.635
58,86,30.855,60.425,108.947
58,87,30.865,60.425,108.909
58,88,30.875,60.425,108.529
58,89,30.885,60.425,107.884
58,90,30.895,60.425,107.106
58,91,30.905,60.425,106.352
58,92,30.915,60.425,105.775
58,93,30.925,60.425,105.493
58,94,30.935,60.425,105.563
58,95,30.945,60.425,105.97
58,96,30.955,60.425,106.633
58,97,30.965,60.425,107.416
58,98,30.975,60.425,108.161
58,99,30.985,60.425,108.716
58,100,30.995,60.425,108.969
59,1,30.005,60.415,107.872
59,2,30.015,60.415,108.485
59,3,30.025,60.415,108.817
59,4,30.035,60.415,108.801
59,5,30.045,60.415,108.441
59,6,30.055,60.415,107.809
59,7,30.065,60.415,107.035
59,8,30.075,60.415,106.274
59,9,30.085,60.415,105.682
59,10,30.095,60.415,105.38
59,11,30.105,60.415,105.428
59,12,30.115,60.415,105.816
59,13,30.125,60.415,106.466
59,14,30.135,60.415,107.247
59,15,30.145,60.415,107.999
59,16,30.155,60.415,108.569
59,17,30.165,60.415,108.843
59,18,30.175,60.415,108.764
59,19,30.185,60.415,108.348
59,20,30.195,60.415,107.681
59,21,30.205,60.415,106.897
59,22,30.215,60.415,106.156
59,23,30.225,60.415,105.608
59,24,30.235,60.415,105.365
59,25,30.245,60.415,105.475
59,26,30.255,60.415,105.918
59,27,30.265,60.415,106.602
59,28,30.275,60.415,107.389
59,29,30.285,60.415,108.119
59,30,30.295,60.415,108.644
59,31,30.305,60.415,108.857
59,32,30.315,60.415,108.716
59,33,30.325,60.415,108.248
59,34,30.335,60.415,107.549
59,35,30.345,60.415,106.76
59,36,30.355,60.415,106.043
59,37,30.365,60.415,105.543
59,38,30.375,60.415,105.361
59,39,30.385,60.415,105.534
59,40,30.395,60.415,106.027
59,41,30.405,60.415,106.741
59,42,30.415,60.415,107.529
59,43,30.425,60.415,108.233
59,44,30.435,60.415,108.709
59,45,30.445,60.415,108.861
59,46,30.455,60.415,108.657
59,47,30.465,60.415,108.14
59,48,30.475,60.415,107.413
59,49,30.485,60.415,106.626
59,50,30.495,60.415,105.938
59,51,30.505,60.415,105.488
59,52,30.515,60.415,105.368
59,53,30.525,60.415,105.602
59,54,30.535,60.415,106.144
59,55,30.545,60.415,106.882
59,56,30.555,60.415,107.667
59,57,30.565,60.415,108.34
59,58,30.575,60.415,108.764
59,59,30.585,60.415,108.853
59,60,30.595,60.415,108.589
59,61,30.605,60.415,108.025
59,62,30.615,60.415,107.276
59,63,30.625,60.415,106.495
59,64,30.635,60.415,105.84
59,65,30.645,60.415,105.443
59,66,30.655,60.415,105.386
59,67,30.665,60.415,105.681
59,68,30.675,60.415,106.266
59,69,30.685,60.415,107.025
59,70,30.695,60.415,107.801
59,71,30.705,60.415,108.439
59,72,30.715,60.415,108.808
59,73,30.725,60.415,108.834
59,74,30.735,60.415,108.51
59,75,30.745,60.415,107.904
59,76,30.755,60.415,107.138
59,77,30.765,60.415,106.368
59,78,30.775,60.415,105.75
59,79,30.785,60.415,105.41
59,80,30.795,60.415,105.416
59,81,30.805,60.415,105.768
59,82,30.815,60.415,106.395
59,83,30.825,60.415,107.168
59,84,30.835,60.415,107.931
59,85,30.845,60.415,108.529
59,86,30.855,60.415,108.841
59,87,30.865,60.415,108.803
59,88,30.875,60.415,108.423
59,89,30.885,60.415,107.779
59,90,30.895,60.415,107.0
59,91,30.905,60.415,106.246
59,92,30.915,60.415,105.669
59,93,30.925,60.415,105.387
59,94,30.935,60.415,105.457
59,95,30.945,60.415,105.865
59,96,30.955,60.415,106.528
59,97,30.965,60.415,107.311
59,98,30.975,60.415,108.056
59,99,30.985,60.415,108.611
59,100,30.995,60.415,108.863
60,1,30.005,60.405,107.887
60,2,30.015,60.405,108.5
60,3,30.025,60.405,108.832
60,4,30.035,60.405,108.816
60,5,30.045,60.405,108.456
60,6,30.055,60.405,107.825
60,7,30.065,60.405,107.05
60,8,30.075,60.405,106.289
60,9,30.085,60.405,105.698
60,10,30.095,60.405,105.395
60,11,30.105,60.405,105.443
60,12,30.115,60.405,105.831
60,13,30.125,60.405,106.482
60,14,30.135,60.405,107.262
60,15,30.145,60.405,108.014
60,16,30.155,60.405,108.584
60,17,30.165,60.405,108.858
60,18,30.175,60.405,108.779
60,19,30.185,60.405,108.364
60,20,30.195,60.405,107.696
60,21,30.205,60.405,106.912
60,22,30.215,60.405,106.171
60,23,30.225,60.405,105.623
60,24,30.235,60.405,105.38
60,25,30.245,60.405,105.491
60,26,30.255,60.405,105.933
60,27,30.265,60.405,106.617
60,28,30.275,60.405,107.404
60,29,30.285,60.405,108.135
60,30,30.295,60.405,108.659
60,31,30.305,60.405,108.873
60,32,30.315,60.405,108.731
60,33,30.325,60.405,108.263
60,34,30.335,60.405,107.564
60,35,30.345,60.405,106.776
60,36,30.355,60.405,106.058
60,37,30.365,60.405,105.558
60,38,30.375,60.405,105.376
60,39,30.385,60.405,105.549
60,40,30.395,60.405,106.043
60,41,30.405,60.405,106.756
60,42,30.415,60.405,107.545
60,43,30.425,60.405,108.249
60,44,30.435,60.405,108.725
60,45,30.445,60.405,108.876
60,46,30.455,60.405,108.672
60,47,30.465,60.405,108.155
60,48,30.475,60.405,107.429
60,49,30.485,60.405,106.642
60,50,30.495,60.405,105.953
60,51,30.505,60.405,105.503
60,52,30.515,60.405,105.383
60,53,30.525,60.405,105.618
60,54,30.535,60.405,106.159
60,55,30.545,60.405,106.897
60,56,30.555,60.405,107.683
60,57,30.565,60.405,108.355
60,58,30.575,60.405,108.779
60,59,30.585,60.405,108.868
60,60,30.595,60.405,108.604
60,61,30.605,60.405,108.04
60,62,30.615,60.405,107.292
60,63,30.625,60.405,106.511
60,64,30.635,60.405,105.855
60,65,30.645,60.405,105.459
60,66,30.655,60.405,105.402
60,67,30.665,60.405,105.696
60,68,30.675,60.405,106.282
60,69,30.685,60.405,107.04
60,70,30.695,60.405,107.817
60,71,30.705,60.405,108.454
60,72,30.715,60.405,108.823
60,73,30.725,60.405,108.849
60,74,30.735,60.405,108.526
60,75,30.745,60.405,107.92
60,76,30.755,60.405,107.154
60,77,30.765,60.405,106.384
60,78,30.775,60.405,105.765
60,79,30.785,60.405,105.425
60,80,30.795,60.405,105.432
60,81,30.805,60.405,105.784
60,82,30.815,60.405,106.41
60,83,30.825,60.405,107.183
60,84,30.835,60.405,107.946
60,85,30.845,60.405,108.545
60,86,30.855,60.405,108.856
60,87,30.865,60.405,108.819
60,88,30.875,60.405,108.439
60,89,30.885,60.405,107.794
60,90,30.895,60.405,107.016
60,91,30.905,60.405,106.261
60,92,30.915,60.405,105.685
60,93,30.925,60.405,105.403
60,94,30.935,60.405,105.472
60,95,30.945,60.405,105.88
60,96,30.955,60.405,106.543
60,97,30.965,60.405,107.326
60,98,30.975,60.405,108.071
60,99,30.985,60.405,108.626
60,100,30.995,60.405,108.878
61,1,30.005,60.395,108.022
61,2,30.015,60.395,108.634
61,3,30.025,60.395,108.966
61,4,30.035,60.395,108.951
61,5,30.045,60.395,108.59
61,6,30.055,60.395,107.959
61,7,30.065,60.395,107.184
61,8,30.075,60.395,106.424
61,9,30.085,60.395,105.832
61,10,30.095,60.395,105.529
61,11,30.105,60.395,105.577
61,12,30.115,60.395,105.965
61,13,30.125,60.395,106.616
61,14,30.135,60.395,107.396
61,15,30.145,60.395,108.148
61,16,30.155,60.395,108.719
61,17,30.165,60.395,108.992
61,18,30.175,60.395,108.913
61,19,30.185,60.395,108.498
61,20,30.195,60.395,107.83
61,21,30.205,60.395,107.046
61,22,30.215,60.395,106.305
61,23,30.225,60.395,105.757
61,24,30.235,60.395,105.514
61,25,30.245,60.395,105.625
61,26,30.255,60.395,106.067
61,27,30.265,60.395,106.751
61,28,30.275,60.395,107.539
61,29,30.285,60.395,108.269
61,30,30.295,60.395,108.794
61,31,30.305,60.395,109.007
61,32,30.315,60.395,108.865
61,33,30.325,60.395,108.397
61,34,30.335,60.395,107.698
61,35,30.345,60.395,106.91
61,36,30.355,60.395,106.193
61,37,30.365,60.395,105.692
61,38,30.375,60.395,105.51
61,39,30.385,60.395,105.683
61,40,30.395,60.395,106.177
61,41,30.405,60.395,106.89
61,42,30.415,60.395,107.679
61,43,30.425,60.395,108.383
61,44,30.435,60.395,108.859
61,45,30.445,60.395,109.01
61,46,30.455,60.395,108.807
61,47,30.465,60.395,108.289
61,48,30.475,60.395,107.563
61,49,30.485,60.395,106.776
61,50,30.495,60.395,106.087
61,51,30.505,60.395,105.637
61,52,30.515,60.395,105.517
61,53,30.525,60.395,105.752
61,54,30.535,60.395,106.293
61,55,30.545,60.395,107.031
61,56,30.555,60.395,107.817
61,57,30.565,60.395,108.49
61,58,30.575,60.395,108.913
61,59,30.585,60.395,109.002
61,60,30.595,60.395,108.738
61,61,30.605,60.395,108.174
61,62,30.615,60.395,107.426
61,63,30.625,60.395,106.645
61,64,30.635,60.395,105.989
61,65,30.645,60.395,105.593
61,66,30.655,60.395,105.536
61,67,30.665,60.395,105.83
61,68,30.675,60.395,106.416
61,69,30.685,60.395,107.174
61,70,30.695,60.395,107.951
61,71,30.705,60.395,108.588
61,72,30.715,60.395,108.957
61,73,30.725,60.395,108.983
61,74,30.735,60.395,108.66
61,75,30.745,60.395,108.054
61,76,30.755,60.395,107.288
61,77,30.765,60.395,106.518
61,78,30.775,60.395,105.9
61,79,30.785,60.395,105.559
61,80,30.795,60.395,105.566
61,81,30.805,60.395,105.918
61,82,30.815,60.395,106.544
61,83,30.825,60.395,107.317
61,84,30.835,60.395,108.081
61,85,30.845,60.395,108.679
61,86,30.855,60.395,108.991
61,87,30.865,60.395,108.953
61,88,30.875,60.395,108.573
61,89,30.885,60.395,107.928
61,90,30.895,60.395,107.15
61,91,30.905,60.395,106.395
61,92,30.915,60.395,105.819
61,93,30.925,60.395,105.537
61,94,30.935,60.395,105.607
61,95,30.945,60.395,106.014
61,96,30.955,60.395,106.677
61,97,30.965,60.395,107.46
61,98,30.975,60.395,108.205
61,99,30.985,60.395,108.76
61,100,30.995,60.395,109.013
62,1,30.005,60.385,108.256
62,2,30.015,60.385,108.869
62,3,30.025,60.385,109.201
62,4,30.035,60.385,109.185
62,5,30.045,60.385,108.825
62,6,30.055,60.385,108.193
62,7,30.065,60.385,107.419
62,8,30.075,60.385,106.658
62,9,30.085,60.385,106.067
62,10,30.095,60.385,105.764
62,11,30.105,60.385,105.812
62,12,30.115,60.385,106.2
62,13,30.125,60.385,106.851
62,14,30.135,60.385,107.631
62,15,30.145,60.385,108.383
62,16,30.155,60.385,108.953
62,17,30.165,60.385,109.227
62,18,30.175,60.385,109.148
62,19,30.185,60.385,108.732
62,20,30.195,60.385,108.065
62,21,30.205,60.385,107.281
62,22,30.215,60.385,106.54
62,23,30.225,60.385,105.992
62,24,30.235,60.385,105.749
62,25,30.245,60.385,105.86
62,26,30.255,60.385,106.302
62,27,30.265,60.385,106.986
62,28,30.275,60.385,107.773
62,29,30.285,60.385,108.503
62,30,30.295,60.385,109.028
62,31,30.305,60.385,109.242
62,32,30.315,60.385,109.1
62,33,30.325,60.385,108.632
62,34,30.335,60.385,107.933
62,35,30.345,60.385,107.145
62,36,30.355,60.385,106.427
62,37,30.365,60.385,105.927
62,38,30.375,60.385,105.745
62,39,30.385,60.385,105.918
62,40,30.395,60.385,106.411
62,41,30.405,60.385,107.125
62,42,30.415,60.385,107.914
62,43,30.425,60.385,108.617
62,44,30.435,60.385,109.093
62,45,30.445,60.385,109.245
62,46,30.455,60.385,109.041
62,47,30.465,60.385,108.524
62,48,30.475,60.385,107.798
62,49,30.485,60.385,107.01
62,50,30.495,60.385,106.322
62,51,30.505,60.385,105.872
62,52,30.515,60.385,105.752
62,53,30.525,60.385,105.987
62,54,30.535,60.385,106.528
62,55,30.545,60.385,107.266
62,56,30.555,60.385,108.051
62,57,30.565,60.385,108.724
62,58,30.575,60.385,109.148
62,59,30.585,60.385,109.237
62,60,30.595,60.385,108.973
62,61,30.605,60.385,108.409
62,62,30.615,60.385,107.661
62,63,30.625,60.385,106.879
62,64,30.635,60.385,106.224
62,65,30.645,60.385,105.828
62,66,30.655,60.385,105.771
62,67,30.665,60.385,106.065
62,68,30.675,60.385,106.651
62,69,30.685,60.385,107.409
62,70,30.695,60.385,108.186
62,71,30.705,60.385,108.823
62,72,30.715,60.385,109.192
62,73,30.725,60.385,109.218
62,74,30.735,60.385,108.895
62,75,30.745,60.385,108.289
62,76,30.755,60.385,107.523
62,77,30.765,60.385,106.752
62,78,30.775,60.385,106.134
62,79,30.785,60.385,105.794
62,80,30.795,60.385,105.8
62,81,30.805,60.385,106.153
62,82,30.815,60.385,106.779
62,83,30.825,60.385,107.552
62,84,30.835,60.385,108.315
62,85,30.845,60.385,108.914
62,86,30.855,60.385,109.225
62,87,30.865,60.385,109.188
62,88,30.875,60.385,108.808
62,89,30.885,60.385,108.163
62,90,30.895,60.385,107.384
62,91,30.905,60.385,106.63
62,92,30.915,60.385,106.054
62,93,30.925,60.385,105.771
62,94,30.935,60.385,105.841
62,95,30.945,60.385,106.249
62,96,30.955,60.385,106.912
62,97,30.965,60.385,107.695
62,98,30.975,60.385,108.44
62,99,30.985,60.385,108.995
62,100,30.995,60.385,109.247
63,1,30.005,60.375,108.56
63,2,30.015,60.375,109.172
63,3,30.025,60.375,109.505
63,4,30.035,60.375,109.489
63,5,30.045,60.375,109.129
63,6,30.055,60.375,108.497
63,7,30.065,60.375,107.722
63,8,30.075,60.375,106.962
63,9,30.085,60.375,106.37
63,10,30.095,60.375,106.068
63,11,30.105,60.375,106.115
63,12,30.115,60.375,106.504
63,13,30.125,60.375,107.154
63,14,30.135,60.375,107.935
63,15,30.145,60.375,108.686
63,16,30.155,60.375,109.257
63,17,30.165,60.375,109.53
63,18,30.175,60.375,109.451
63,19,30.185,60.375,109.036
63,20,30.195,60.375,108.369
63,21,30.205,60.375,107.585
63,22,30.215,60.375,106.843
63,23,30.225,60.375,106.296
63,24,30.235,60.375,106.052
63,25,30.245,60.375,106.163
63,26,30.255,60.375,106.606
63,27,30.265,60.375,107.29
63,28,30.275,60.375,108.077
63,29,30.285,60.375,108.807
63,30,30.295,60.375,109.332
63,31,30.305,60.375,109.545
63,32,30.315,60.375,109.403
63,33,30.325,60.375,108.935
63,34,30.335,60.375,108.236
63,35,30.345,60.375,107.448
63,36,30.355,60.375,106.731
63,37,30.365,60.375,106.23
63,38,30.375,60.375,106.048
63,39,30.385,60.375,106.222
63,40,30.395,60.375,106.715
63,41,30.405,60.375,107.429
63,42,30.415,60.375,108.217
63,43,30.425,60.375,108.921
63,44,30.435,60.375,109.397
63,45,30.445,60.375,109.549
63,46,30.455,60.375,109.345
63,47,30.465,60.375,108.827
63,48,30.475,60.375,108.101
63,49,30.485,60.375,107.314
63,50,30.495,60.375,106.625
63,51,30.505,60.375,106.176
63,52,30.515,60.375,106.056
63,53,30.525,60.375,106.29
63,54,30.535,60.375,106.831
63,55,30.545,60.375,107.57
63,56,30.555,60.375,108.355
63,57,30.565,60.375,109.028
63,58,30.575,60.375,109.452
63,59,30.585,60.375,109.541
63,60,30.595,60.375,109.276
63,61,30.605,60.375,108.713
63,62,30.615,60.375,107.964
63,63,30.625,60.375,107.183
63,64,30.635,60.375,106.528
63,65,30.645,60.375,106.131
63,66,30.655,60.375,106.074
63,67,30.665,60.375,106.369
63,68,30.675,60.375,106.954
63,69,30.685,60.375,107.712
63,70,30.695,60.375,108.489
63,71,30.705,60.375,109.127
63,72,30.715,60.375,109.496
63,73,30.725,60.375,109.521
63,74,30.735,60.375,109.198
63,75,30.745,60.375,108.592
63,76,30.755,60.375,107.826
63,77,30.765,60.375,107.056
63,78,30.775,60.375,106.438
63,79,30.785,60.375,106.098
63,80,30.795,60.375,106.104
63,81,30.805,60.375,106.456
63,82,30.815,60.375,107.082
63,83,30.825,60.375,107.856
63,84,30.835,60.375,108.619
63,85,30.845,60.375,109.217
63,86,30.855,60.375,109.529
63,87,30.865,60.375,109.491
63,88,30.875,60.375,109.111
63,89,30.885,60.375,108.467
63,90,30.895,60.375,107.688
63,91,30.905,60.375,106.934
63,92,30.915,60.375,106.357
63,93,30.925,60.375,106.075
63,94,30.935,60.375,106.145
63,95,30.945,60.375,106.553
63,96,30.955,60.375,107.215
63,97,30.965,60.375,107.999
63,98,30.975,60.375,108.743
63,99,30.985,60.375,109.298
63,100,30.995,60.375,109.551
64,1,30.005,60.365,108.891
64,2,30.015,60.365,109.504
64,3,30.025,60.365,109.836
64,4,30.035,60.365,109.82
64,5,30.045,60.365,109.46
64,6,30.055,60.365,108.828
64,7,30.065,60.365,108.054
64,8,30.075,60.365,107.293
64,9,30.085,60.365,106.702
64,10,30.095,60.365,106.399
64,11,30.105,60.365,106.447
64,12,30.115,60.365,106.835
64,13,30.125,60.365,107.486
64,14,30.135,60.365,108.266
64,15,30.145,60.365,109.018
64,16,30.155,60.365,109.588
64,17,30.165,60.365,109.862
64,18,30.175,60.365,109.783
64,19,30.185,60.365,109.367
64,20,30.195,60.365,108.7
64,21,30.205,60.365,107.916
64,22,30.215,60.365,107.175
64,23,30.225,60.365,106.627
64,24,30.235,60.365,106.384
64,25,30.245,60.365,106.494
64,26,30.255,60.365,106.937
64,27,30.265,60.365,107.621
64,28,30.275,60.365,108.408
64,29,30.285,60.365,109.138
64,30,30.295,60.365,109.663
64,31,30.305,60.365,109.876
64,32,30.315,60.365,109.735
64,33,30.325,60.365,109.267
64,34,30.335,60.365,108.568
64,35,30.345,60.365,107.779
64,36,30.355,60.365,107.062
64,37,30.365,60.365,106.562
64,38,30.375,60.365,106.38
64,39,30.385,60.365,106.553
64,40,30.395,60.365,107.046
64,41,30.405,60.365,107.76
64,42,30.415,60.365,108.549
64,43,30.425,60.365,109.252
64,44,30.435,60.365,109.728
64,45,30.445,60.365,109.88
64,46,30.455,60.365,109.676
64,47,30.465,60.365,109.159
64,48,30.475,60.365,108.433
64,49,30.485,60.365,107.645
64,50,30.495,60.365,106.957
64,51,30.505,60.365,106.507
64,52,30.515,60.365,106.387
64,53,30.525,60.365,106.621
64,54,30.535,60.365,107.163
64,55,30.545,60.365,107.901
64,56,30.555,60.365,108.686
64,57,30.565,60.365,109.359
64,58,30.575,60.365,109.783
64,59,30.585,60.365,109.872
64,60,30.595,60.365,109.608
64,61,30.605,60.365,109.044
64,62,30.615,60.365,108.296
64,63,30.625,60.365,107.514
64,64,30.635,60.365,106.859
64,65,30.645,60.365,106.462
64,66,30.655,60.365,106.406
64,67,30.665,60.365,106.7
64,68,30.675,60.365,107.285
64,69,30.685,60.365,108.044
64,70,30.695,60.365,108.82
64,71,30.705,60.365,109.458
64,72,30.715,60.365,109.827
64,73,30.725,60.365,109.853
64,74,30.735,60.365,109.53
64,75,30.745,60.365,108.923
64,76,30.755,60.365,108.157
64,77,30.765,60.365,107.387
64,78,30.775,60.365,106.769
64,79,30.785,60.365,106.429
64,80,30.795,60.365,106.435
64,81,30.805,60.365,106.787
64,82,30.815,60.365,107.414
64,83,30.825,60.365,108.187
64,84,30.835,60.365,108.95
64,85,30.845,60.365,109.548
64,86,30.855,60.365,109.86
64,87,30.865,60.365,109.822
64,88,30.875,60.365,109.442
64,89,30.885,60.365,108.798
64,90,30.895,60.365,108.019
64,91,30.905,60.365,107.265
64,92,30.915,60.365,106.688
64,93,30.925,60.365,106.406
64,94,30.935,60.365,106.476
64,95,30.945,60.365,106.884
64,96,30.955,60.365,107.547
64,97,30.965,60.365,108.33
64,98,30.975,60.365,109.075
64,99,30.985,60.365,109.63
64,100,30.995,60.365,109.882
65,1,30.005,60.355,109.205
65,2,30.015,60.355,109.818
65,3,30.025,60.355,110.15
65,4,30.035,60.355,110.134
65,5,30.045,60.355,109.774
65,6,30.055,60.355,109.142
65,7,30.065,60.355,108.368
65,8,30.075,60.355,107.607
65,9,30.085,60.355,107.016
65,10,30.095,60.355,106.713
65,11,30.105,60.355,106.761
65,12,30.115,60.355,107.149
65,13,30.125,60.355,107.8
65,14,30.135,60.355,108.58
65,15,30.145,60.355,109.332
65,16,30.155,60.355,109.902
65,17,30.165,60.355,110.176
65,18,30.175,60.355,110.097
65,19,30.185,60.355,109.681
65,20,30.195,60.355,109.014
65,21,30.205,60.355,108.23
65,22,30.215,60.355,107.489
65,23,30.225,60.355,106.941
65,24,30.235,60.355,106.698
65,25,30.245,60.355,106.808
65,26,30.255,60.355,107.251
65,27,30.265,60.355,107.935
65,28,30.275,60.355,108.722
65,29,30.285,60.355,109.452
65,30,30.295,60.355,109.977
65,31,30.305,60.355,110.19
65,32,30.315,60.355,110.049
65,33,30.325,60.355,109.581
65,34,30.335,60.355,108.882
65,35,30.345,60.355,108.093
65,36,30.355,60.355,107.376
65,37,30.365,60.355,106.876
65,38,30.375,60.355,106.694
65,39,30.385,60.355,106.867
65,40,30.395,60.355,107.36
65,41,30.405,60.355,108.074
65,42,30.415,60.355,108.863
65,43,30.425,60.355,109.566
65,44,30.435,60.355,110.042
65,45,30.445,60.355,110.194
65,46,30.455,60.355,109.99
65,47,30.465,60.355,109.473
65,48,30.475,60.355,108.747
65,49,30.485,60.355,107.959
65,50,30.495,60.355,107.271
65,51,30.505,60.355,106.821
65,52,30.515,60.355,106.701
65,53,30.525,60.355,106.935
65,54,30.535,60.355,107.477
65,55,30.545,60.355,108.215
65,56,30.555,60.355,109.0
65,57,30.565,60.355,109.673
65,58,30.575,60.355,110.097
65,59,30.585,60.355,110.186
65,60,30.595,60.355,109.922
65,61,30.605,60.355,109.358
65,62,30.615,60.355,108.61
65,63,30.625,60.355,107.828
65,64,30.635,60.355,107.173
65,65,30.645,60.355,106.776
65,66,30.655,60.355,106.72
65,67,30.665,60.355,107.014
65,68,30.675,60.355,107.599
65,69,30.685,60.355,108.358
65,70,30.695,60.355,109.134
65,71,30.705,60.355,109.772
65,72,30.715,60.355,110.141
65,73,30.725,60.355,110.167
65,74,30.735,60.355,109.844
65,75,30.745,60.355,109.237
65,76,30.755,60.355,108.471
65,77,30.765,60.355,107.701
65,78,30.775,60.355,107.083
65,79,30.785,60.355,106.743
65,80,30.795,60.355,106.749
65,81,30.805,60.355,107.101
65,82,30.815,60.355,107.728
65,83,30.825,60.355,108.501
65,84,30.835,60.355,109.264
65,85,30.845,60.355,109.862
65,86,30.855,60.355,110.174
65,87,30.865,60.355,110.136
65,88,30.875,60.355,109.756
65,89,30.885,60.355,109.112
65,90,30.895,60.355,108.333
65,91,30.905,60.355,107.579
65,92,30.915,60.355,107.002
65,93,30.925,60.355,106.72
65,94,30.935,60.355,106.79
65,95,30.945,60.355,107.198
65,96,30.955,60.355,107.861
65,97,30.965,60.355,108.644
65,98,30.975,60.355,109.389
65,99,30.985,60.355,109.944
65,100,30.995,60.355,110.196
66,1,30.005,60.345,109.459
66,2,30.015,60.345,110.072
66,3,30.025,60.345,110.404
66,4,30.035,60.345,110.388
66,5,30.045,60.345,110.028
66,6,30.055,60.345,109.396
66,7,30.065,60.345,108.622
66,8,30.075,60.345,107.861
66,9,30.085,60.345,107.27
66,10,30.095,60.345,106.967
66,11,30.105,60.345,107.015
66,12,30.115,60.345,107.403
66,13,30.125,60.345,108.054
66,14,30.135,60.345,108.834
66,15,30.145,60.345,109.586
66,16,30.155,60.345,110.156
66,17,30.165,60.345,110.43
66,18,30.175,60.345,110.351
66,19,30.185,60.345,109.935
66,20,30.195,60.345,109.268
66,21,30.205,60.345,108.484
66,22,30.215,60.345,107.743
66,23,30.225,60.345,107.195
66,24,30.235,60.345,106.952
66,25,30.245,60.345,107.063
66,26,30.255,60.345,107.505
66,27,30.265,60.345,108.189
66,28,30.275,60.345,108.976
66,29,30.285,60.345,109.706
66,30,30.295,60.345,110.231
66,31,30.305,60.345,110.445
66,32,30.315,60.345,110.303
66,33,30.325,60.345,109.835
66,34,30.335,60.345,109.136
66,35,30.345,60.345,108.348
66,36,30.355,60.345,107.63
66,37,30.365,60.345,107.13
66,38,30.375,60.345,106.948
66,39,30.385,60.345,107.121
66,40,30.395,60.345,107.614
66,41,30.405,60.345,108.328
66,42,30.415,60.345,109.117
66,43,30.425,60.345,109.82
66,44,30.435,60.345,110.296
66,45,30.445,60.345,110.448
66,46,30.455,60.345,110.244
66,47,30.465,60.345,109.727
66,48,30.475,60.345,109.001
66,49,30.485,60.345,108.213
66,50,30.495,60.345,107.525
66,51,30.505,60.345,107.075
66,52,30.515,60.345,106.955
66,53,30.525,60.345,107.19
66,54,30.535,60.345,107.731
66,55,30.545,60.345,108.469
66,56,30.555,60.345,109.254
66,57,30.565,60.345,109.927
66,58,30.575,60.345,110.351
66,59,30.585,60.345,110.44
66,60,30.595,60.345,110.176
66,61,30.605,60.345,109.612
66,62,30.615,60.345,108.864
66,63,30.625,60.345,108.082
66,64,30.635,60.345,107.427
66,65,30.645,60.345,107.031
66,66,30.655,60.345,106.974
66,67,30.665,60.345,107.268
66,68,30.675,60.345,107.854
66,69,30.685,60.345,108.612
66,70,30.695,60.345,109.389
66,71,30.705,60.345,110.026
66,72,30.715,60.345,110.395
66,73,30.725,60.345,110.421
66,74,30.735,60.345,110.098
66,75,30.745,60.345,109.492
66,76,30.755,60.345,108.726
66,77,30.765,60.345,107.955
66,78,30.775,60.345,107.337
66,79,30.785,60.345,106.997
66,80,30.795,60.345,107.003
66,81,30.805,60.345,107.356
66,82,30.815,60.345,107.982
66,83,30.825,60.345,108.755
66,84,30.835,60.345,109.518
66,85,30.845,60.345,110.117
66,86,30.855,60.345,110.428
66,87,30.865,60.345,110.391
66,88,30.875,60.345,110.011
66,89,30.885,60.345,109.366
66,90,30.895,60.345,108.587
66,91,30.905,60.345,107.833
66,92,30.915,60.345,107.257
66,93,30.925,60.345,106.974
66,94,30.935,60.345,107.044
66,95,30.945,60.345,107.452
66,96,30.955,60.345,108.115
66,97,30.965,60.345,108.898
66,98,30.975,60.345,109.643
66,99,30.985,60.345,110.198
66,100,30.995,60.345,110.45
67,1,30.005,60.335,109.619
67,2,30.015,60.335,110.232
67,3,30.025,60.335,110.564
67,4,30.035,60.335,110.548
67,5,30.045,60.335,110.188
67,6,30.055,60.335,109.556
67,7,30.065,60.335,108.782
67,8,30.075,60.335,108.021
67,9,30.085,60.335,107.43
67,10,30.095,60.335,107.127
67,11,30.105,60.335,107.175
67,12,30.115,60.335,107.563
67,13,30.125,60.335,108.214
67,14,30.135,60.335,108.994
67,15,30.145,60.335,109.746
67,16,30.155,60.335,110.316
67,17,30.165,60.335,110.59
67,18,30.175,60.335,110.511
67,19,30.185,60.335,110.095
67,20,30.195,60.335,109.428
67,21,30.205,60.335,108.644
67,22,30.215,60.335,107.903
67,23,30.225,60.335,107.355
67,24,30.235,60.335,107.112
67,25,30.245,60.335,107.222
67,26,30.255,60.335,107.665
67,27,30.265,60.335,108.349
67,28,30.275,60.335,109.136
67,29,30.285,60.335,109.866
67,30,30.295,60.335,110.391
67,31,30.305,60.335,110.604
67,32,30.315,60.335,110.463
67,33,30.325,60.335,109.995
67,34,30.335,60.335,109.296
67,35,30.345,60.335,108.507
67,36,30.355,60.335,107.79
67,37,30.365,60.335,107.29
67,38,30.375,60.335,107.108
67,39,30.385,60.335,107.281
67,40,30.395,60.335,107.774
67,41,30.405,60.335,108.488
67,42,30.415,60.335,109.277
67,43,30.425,60.335,109.98
67,44,30.435,60.335,110.456
67,45,30.445,60.335,110.608
67,46,30.455,60.335,110.404
67,47,30.465,60.335,109.887
67,48,30.475,60.335,109.161
67,49,30.485,60.335,108.373
67,50,30.495,60.335,107.685
67,51,30.505,60.335,107.235
67,52,30.515,60.335,107.115
67,53,30.525,60.335,107.349
67,54,30.535,60.335,107.891
67,55,30.545,60.335,108.629
67,56,30.555,60.335,109.414
67,57,30.565,60.335,110.087
67,58,30.575,60.335,110.511
67,59,30.585,60.335,110.6
67,60,30.595,60.335,110.336
67,61,30.605,60.335,109.772
67,62,30.615,60.335,109.024
67,63,30.625,60.335,108.242
67,64,30.635,60.335,107.587
67,65,30.645,60.335,107.19
67,66,30.655,60.335,107.134
67,67,30.665,60.335,107.428
67,68,30.675,60.335,108.014
67,69,30.685,60.335,108.772
67,70,30.695,60.335,109.549
67,71,30.705,60.335,110.186
67,72,30.715,60.335,110.555
67,73,30.725,60.335,110.581
67,74,30.735,60.335,110.258
67,75,30.745,60.335,109.652
67,76,30.755,60.335,108.886
67,77,30.765,60.335,108.115
67,78,30.775,60.335,107.497
67,79,30.785,60.335,107.157
67,80,30.795,60.335,107.163
67,81,30.805,60.335,107.516
67,82,30.815,60.335,108.142
67,83,30.825,60.335,108.915
67,84,30.835,60.335,109.678
67,85,30.845,60.335,110.276
67,86,30.855,60.335,110.588
67,87,30.865,60.335,110.55
67,88,30.875,60.335,110.171
67,89,30.885,60.335,109.526
67,90,30.895,60.335,108.747
67,91,30.905,60.335,107.993
67,92,30.915,60.335,107.416
67,93,30.925,60.335,107.134
67,94,30.935,60.335,107.204
67,95,30.945,60.335,107.612
67,96,30.955,60.335,108.275
67,97,30.965,60.335,109.058
67,98,30.975,60.335,109.803
67,99,30.985,60.335,110.358
67,100,30.995,60.335,110.61
68,1,30.005,60.325,109.663
68,2,30.015,60.325,110.276
68,3,30.025,60.325,110.608
68,4,30.035,60.325,110.592
68,5,30.045,60.325,110.232
68,6,30.055,60.325,109.6
68,7,30.065,60.325,108.826
68,8,30.075,60.325,108.065
68,9,30.085,60.325,107.474
68,10,30.095,60.325,107.171
68,11,30.105,60.325,107.219
68,12,30.115,60.325,107.607
68,13,30.125,60.325,108.258
68,14,30.135,60.325,109.038
68,15,30.145,60.325,109.79
68,16,30.155,60.325,110.36
68,17,30.165,60.325,110.634
68,18,30.175,60.325,110.555
68,19,30.185,60.325,110.139
68,20,30.195,60.325,109.472
68,21,30.205,60.325,108.688
68,22,30.215,60.325,107.947
68,23,30.225,60.325,107.399
68,24,30.235,60.325,107.156
68,25,30.245,60.325,107.266
68,26,30.255,60.325,107.709
68,27,30.265,60.325,108.393
68,28,30.275,60.325,109.18
68,29,30.285,60.325,109.91
68,30,30.295,60.325,110.435
68,31,30.305,60.325,110.648
68,32,30.315,60.325,110.507
68,33,30.325,60.325,110.039
68,34,30.335,60.325,109.34
68,35,30.345,60.325,108.551
68,36,30.355,60.325,107.834
68,37,30.365,60.325,107.334
68,38,30.375,60.325,107.152
68,39,30.385,60.325,107.325
68,40,30.395,60.325,107.818
68,41,30.405,60.325,108.532
68,42,30.415,60.325,109.321
68,43,30.425,60.325,110.024
68,44,30.435,60.325,110.5
68,45,30.445,60.325,110.652
68,46,30.455,60.325,110.448
68,47,30.465,60.325,109.931
68,48,30.475,60.325,109.205
68,49,30.485,60.325,108.417
68,50,30.495,60.325,107.729
68,51,30.505,60.325,107.279
68,52,30.515,60.325,107.159
68,53,30.525,60.325,107.393
68,54,30.535,60.325,107.935
68,55,30.545,60.325,108.673
68,56,30.555,60.325,109.458
68,57,30.565,60.325,110.131
68,58,30.575,60.325,110.555
68,59,30.585,60.325,110.644
68,60,30.595,60.325,110.38
68,61,30.605,60.325,109.816
68,62,30.615,60.325,109.068
68,63,30.625,60.325,108.286
68,64,30.635,60.325,107.631
68,65,30.645,60.325,107.234
68,66,30.655,60.325,107.178
68,67,30.665,60.325,107.472
68,68,30.675,60.325,108.058
68,69,30.685,60.325,108.816
68,70,30.695,60.325,109.592
68,71,30.705,60.325,110.23
68,72,30.715,60.325,110.599
68,73,30.725,60.325,110.625
68,74,30.735,60.325,110.302
68,75,30.745,60.325,109.696
68,76,30.755,60.325,108.93
68,77,30.765,60.325,108.159
68,78,30.775,60.325,107.541
68,79,30.785,60.325,107.201
68,80,30.795,60.325,107.207
68,81,30.805,60.325,107.56
68,82,30.815,60.325,108.186
68,83,30.825,60.325,108.959
68,84,30.835,60.325,109.722
68,85,30.845,60.325,110.32
68,86,30.855,60.325,110.632
68,87,30.865,60.325,110.594
68,88,30.875,60.325,110.215
68,89,30.885,60.325,109.57
68,90,30.895,60.325,108.791
68,91,30.905,60.325,108.037
68,92,30.915,60.325,107.46
68,93,30.925,60.325,107.178
68,94,30.935,60.325,107.248
68,95,30.945,60.325,107.656
68,96,30.955,60.325,108.319
68,97,30.965,60.325,109.102
68,98,30.975,60.325,109.847
68,99,30.985,60.325,110.402
68,100,30.995,60.325,110.654
69,1,30.005,60.315,109.585
69,2,30.015,60.315,110.198
69,3,30.025,60.315,110.53
69,4,30.035,60.315,110.514
69,5,30.045,60.315,110.154
69,6,30.055,60.315,109.522
69,7,30.065,60.315,108.748
69,8,30.075,60.315,107.987
69,9,30.085,60.315,107.396
69,10,30.095,60.315,107.093
69,11,30.105,60.315,107.141
69,12,30.115,60.315,107.529
69,13,30.125,60.315,108.18
69,14,30.135,60.315,108.96
69,15,30.145,60.315,109.712
69,16,30.155,60.315,110.282
69,17,30.165,60.315,110.556
69,18,30.175,60.315,110.477
69,19,30.185,60.315,110.061
69,20,30.195,60.315,109.394
69,21,30.205,60.315,108.61
69,22,30.215,60.315,107.869
69,23,30.225,60.315,107.321
69,24,30.235,60.315,107.078
69,25,30.245,60.315,107.189
69,26,30.255,60.315,107.631
69,27,30.265,60.315,108.315
69,28,30.275,60.315,109.102
69,29,30.285,60.315,109.832
69,30,30.295,60.315,110.357
69,31,30.305,60.315,110.571
69,32,30.315,60.315,110.429
69,33,30.325,60.315,109.961
69,34,30.335,60.315,109.262
69,35,30.345,60.315,108.474
69,36,30.355,60.315,107.756
69,37,30.365,60.315,107.256
69,38,30.375,60.315,107.074
69,39,30.385,60.315,107.247
69,40,30.395,60.315,107.74
69,41,30.405,60.315,108.454
69,42,30.415,60.315,109.243
69,43,30.425,60.315,109.946
69,44,30.435,60.315,110.422
69,45,30.445,60.315,110.574
69,46,30.455,60.315,110.37
69,47,30.465,60.315,109.853
69,48,30.475,60.315,109.127
69,49,30.485,60.315,108.339
69,50,30.495,60.315,107.651
69,51,30.505,60.315,107.201
69,52,30.515,60.315,107.081
69,53,30.525,60.315,107.316
69,54,30.535,60.315,107.857
69,55,30.545,60.315,108.595
69,56,30.555,60.315,109.38
69,57,30.565,60.315,110.053
69,58,30.575,60.315,110.477
69,59,30.585,60.315,110.566
69,60,30.595,60.315,110.302
69,61,30.605,60.315,109.738
69,62,30.615,60.315,108.99
69,63,30.625,60.315,108.208
69,64,30.635,60.315,107.553
69,65,30.645,60.315,107.157
69,66,30.655,60.315,107.1
69,67,30.665,60.315,107.394
69,68,30.675,60.315,107.98
69,69,30.685,60.315,108.738
69,70,30.695,60.315,109.515
69,71,30.705,60.315,110.152
69,72,30.715,60.315,110.521
69,73,30.725,60.315,110.547
69,74,30.735,60.315,110.224
69,75,30.745,60.315,109.618
69,76,30.755,60.315,108.852
69,77,30.765,60.315,108.081
69,78,30.775,60.315,107.463
69,79,30.785,60.315,107.123
69,80,30.795,60.315,107.13
69,81,30.805,60.315,107.482
69,82,30.815,60.315,108.108
69,83,30.825,60.315,108.881
69,84,30.835,60.315,109.644
69,85,30.845,60.315,110.243
69,86,30.855,60.315,110.554
69,87,30.865,60.315,110.517
69,88,30.875,60.315,110.137
69,89,30.885,60.315,109.492
69,90,30.895,60.315,108.713
69,91,30.905,60.315,107.959
69,92,30.915,60.315,107.383
69,93,30.925,60.315,107.1
69,94,30.935,60.315,107.17
69,95,30.945,60.315,107.578
69,96,30.955,60.315,108.241
69,97,30.965,60.315,109.024
69,98,30.975,60.315,109.769
69,99,30.985,60.315,110.324
69,100,30.995,60.315,110.576
70,1,30.005,60.305,109.396
70,2,30.015,60.305,110.009
70,3,30.025,60.305,110.341
70,4,30.035,60.305,110.325
70,5,30.045,60.305,109.965
70,6,30.055,60.305,109.333
70,7,30.065,60.305,108.559
70,8,30.075,60.305,107.798
70,9,30.085,60.305,107.207
70,10,30.095,60.305,106.904
70,11,30.105,60.305,106.952
70,12,30.115,60.305,107.34
70,13,30.125,60.305,107.991
70,14,30.135,60.305,108.771
70,15,30.145,60.305,109.523
70,16,30.155,60.305,110.093
70,17,30.165,60.305,110.367
70,18,30.175,60.305,110.288
70,19,30.185,60.305,109.872
70,20,30.195,60.305,109.205
70,21,30.205,60.305,108.421
70,22,30.215,60.305,107.68
70,23,30.225,60.305,107.132
70,24,30.235,60.305,106.889
70,25,30.245,60.305,106.999
70,26,30.255,60.305,107.442
70,27,30.265,60.305,108.126
70,28,30.275,60.305,108.913
70,29,30.285,60.305,109.643
70,30,30.295,60.305,110.168
70,31,30.305,60.305,110.381
70,32,30.315,60.305,110.24
70,33,30.325,60.305,109.772
70,34,30.335,60.305,109.073
70,35,30.345,60.305,108.284
70,36,30.355,60.305,107.567
70,37,30.365,60.305,107.067
70,38,30.375,60.305,106.885
70,39,30.385,60.305,107.058
70,40,30.395,60.305,107.551
70,41,30.405,60.305,108.265
70,42,30.415,60.305,109.054
70,43,30.425,60.305,109.757
70,44,30.435,60.305,110.233
70,45,30.445,60.305,110.385
70,46,30.455,60.305,110.181
70,47,30.465,60.305,109.664
70,48,30.475,60.305,108.937
70,49,30.485,60.305,108.15
70,50,30.495,60.305,107.462
70,51,30.505,60.305,107.012
70,52,30.515,60.305,106.892
70,53,30.525,60.305,107.126
70,54,30.535,60.305,107.668
70,55,30.545,60.305,108.406
70,56,30.555,60.305,109.191
70,57,30.565,60.305,109.864
70,58,30.575,60.305,110.288
70,59,30.585,60.305,110.377
70,60,30.595,60.305,110.113
70,61,30.605,60.305,109.549
70,62,30.615,60.305,108.801
70,63,30.625,60.305,108.019
70,64,30.635,60.305,107.364
70,65,30.645,60.305,106.967
70,66,30.655,60.305,106.91
70,67,30.665,60.305,107.205
70,68,30.675,60.305,107.79
70,69,30.685,60.305,108.549
70,70,30.695,60.305,109.325
70,71,30.705,60.305,109.963
70,72,30.715,60.305,110.332
70,73,30.725,60.305,110.358
70,74,30.735,60.305,110.035
70,75,30.745,60.305,109.428
70,76,30.755,60.305,108.662
70,77,30.765,60.305,107.892
70,78,30.775,60.305,107.274
70,79,30.785,60.305,106.934
70,80,30.795,60.305,106.94
70,81,30.805,60.305,107.292
70,82,30.815,60.305,107.919
70,83,30.825,60.305,108.692
70,84,30.835,60.305,109.455
70,85,30.845,60.305,110.053
70,86,30.855,60.305,110.365
70,87,30.865,60.305,110.327
70,88,30.875,60.305,109.947
70,89,30.885,60.305,109.303
70,90,30.895,60.305,108.524
70,91,30.905,60.305,107.77
70,92,30.915,60.305,107.193
70,93,30.925,60.305,106.911
70,94,30.935,60.305,106.981
70,95,30.945,60.305,107.389
70,96,30.955,60.305,108.052
70,97,30.965,60.305,108.835
70,98,30.975,60.305,109.58
70,99,30.985,60.305,110.135
70,100,30.995,60.305,110.387
71,1,30.005,60.295,109.121
71,2,30.015,60.295,109.734
71,3,30.025,60.295,110.066
71,4,30.035,60.295,110.05
71,5,30.045,60.295,109.69
71,6,30.055,60.295,109.058
71,7,30.065,60.295,108.284
71,8,30.075,60.295,107.523
71,9,30.085,60.295,106.932
71,10,30.095,60.295,106.629
71,11,30.105,60.295,106.677
71,12,30.115,60.295,107.065
71,13,30.125,60.295,107.716
71,14,30.135,60.295,108.496
71,15,30.145,60.295,109.248
71,16,30.155,60.295,109.818
71,17,30.165,60.295,110.092
71,18,30.175,60.295,110.013
71,19,30.185,60.295,109.597
71,20,30.195,60.295,108.93
71,21,30.205,60.295,108.146
71,22,30.215,60.295,107.405
71,23,30.225,60.295,106.857
71,24,30.235,60.295,106.614
71,25,30.245,60.295,106.725
71,26,30.255,60.295,107.167
71,27,30.265,60.295,107.851
71,28,30.275,60.295,108.638
71,29,30.285,60.295,109.368
71,30,30.295,60.295,109.893
71,31,30.305,60.295,110.107
71,32,30.315,60.295,109.965
71,33,30.325,60.295,109.497
71,34,30.335,60.295,108.798
71,35,30.345,60.295,108.01
71,36,30.355,60.295,107.292
71,37,30.365,60.295,106.792
71,38,30.375,60.295,106.61
71,39,30.385,60.295,106.783
71,40,30.395,60.295,107.276
71,41,30.405,60.295,107.99
71,42,30.415,60.295,108.779
71,43,30.425,60.295,109.482
71,44,30.435,60.295,109.958
71,45,30.445,60.295,110.11
71,46,30.455,60.295,109.906
71,47,30.465,60.295,109.389
71,48,30.475,60.295,108.663
71,49,30.485,60.295,107.875
71,50,30.495,60.295,107.187
71,51,30.505,60.295,106.737
71,52,30.515,60.295,106.617
71,53,30.525,60.295,106.852
71,54,30.535,60.295,107.393
71,55,30.545,60.295,108.131
71,56,30.555,60.295,108.916
71,57,30.565,60.295,109.589
71,58,30.575,60.295,110.013
71,59,30.585,60.295,110.102
71,60,30.595,60.295,109.838
71,61,30.605,60.295,109.274
71,62,30.615,60.295,108.526
71,63,30.625,60.295,107.744
71,64,30.635,60.295,107.089
71,65,30.645,60.295,106.693
71,66,30.655,60.295,106.636
71,67,30.665,60.295,106.93
71,68,30.675,60.295,107.516
71,69,30.685,60.295,108.274
71,70,30.695,60.295,109.051
71,71,30.705,60.295,109.688
71,72,30.715,60.295,110.057
71,73,30.725,60.295,110.083
71,74,30.735,60.295,109.76
71,75,30.745,60.295,109.154
71,76,30.755,60.295,108.388
71,77,30.765,60.295,107.617
71,78,30.775,60.295,106.999
71,79,30.785,60.295,106.659
71,80,30.795,60.295,106.665
71,81,30.805,60.295,107.018
71,82,30.815,60.295,107.644
71,83,30.825,60.295,108.417
71,84,30.835,60.295,109.18
71,85,30.845,60.295,109.779
71,86,30.855,60.295,110.09
71,87,30.865,60.295,110.052
71,88,30.875,60.295,109.673
71,89,30.885,60.295,109.028
71,90,30.895,60.295,108.249
71,91,30.905,60.295,107.495
71,92,30.915,60.295,106.918
71,93,30.925,60.295,106.636
71,94,30.935,60.295,106.706
71,95,30.945,60.295,107.114
71,96,30.955,60.295,107.777
71,97,30.965,60.295,108.56
71,98,30.975,60.295,109.305
71,99,30.985,60.295,109.86
71,100,30.995,60.295,110.112
72,1,30.005,60.285,108.798
72,2,30.015,60.285,109.411
72,3,30.025,60.285,109.743
72,4,30.035,60.285,109.727
72,5,30.045,60.285,109.367
72,6,30.055,60.285,108.735
72,7,30.065,60.285,107.961
72,8,30.075,60.285,107.2
72,9,30.085,60.285,106.609
72,10,30.095,60.285,106.306
72,11,30.105,60.285,106.354
72,12,30.115,60.285,106.742
72,13,30.125,60.285,107.393
72,14,30.135,60.285,108.173
72,15,30.145,60.285,108.925
72,16,30.155,60.285,109.495
72,17,30.165,60.285,109.769
72,18,30.175,60.285,109.69
72,19,30.185,60.285,109.274
72,20,30.195,60.285,108.607
72,21,30.205,60.285,107.823
72,22,30.215,60.285,107.082
72,23,30.225,60.285,106.534
72,24,30.235,60.285,106.291
72,25,30.245,60.285,106.401
72,26,30.255,60.285,106.844
72,27,30.265,60.285,107.528
72,28,30.275,60.285,108.315
72,29,30.285,60.285,109.045
72,30,30.295,60.285,109.57
72,31,30.305,60.285,109.783
72,32,30.315,60.285,109.642
72,33,30.325,60.285,109.174
72,34,30.335,60.285,108.475
72,35,30.345,60.285,107.686
72,36,30.355,60.285,106.969
72,37,30.365,60.285,106.469
72,38,30.375,60.285,106.287
72,39,30.385,60.285,106.46
72,40,30.395,60.285,106.953
72,41,30.405,60.285,107.667
72,42,30.415,60.285,108.456
72,43,30.425,60.285,109.159
72,44,30.435,60.285,109.635
72,45,30.445,60.285,109.787
72,46,30.455,60.285,109.583
72,47,30.465,60.285,109.066
72,48,30.475,60.285,108.339
72,49,30.485,60.285,107.552
72,50,30.495,60.285,106.864
72,51,30.505,60.285,106.414
72,52,30.515,60.285,106.294
72,53,30.525,60.285,106.528
72,54,30.535,60.285,107.07
72,55,30.545,60.285,107.808
72,56,30.555,60.285,108.593
72,57,30.565,60.285,109.266
72,58,30.575,60.285,109.69
72,59,30.585,60.285,109.779
72,60,30.595,60.285,109.515
72,61,30.605,60.285,108.951
72,62,30.615,60.285,108.202
72,63,30.625,60.285,107.421
72,64,30.635,60.285,106.766
72,65,30.645,60.285,106.369
72,66,30.655,60.285,106.312
72,67,30.665,60.285,106.607
72,68,30.675,60.285,107.192
72,69,30.685,60.285,107.951
72,70,30.695,60.285,108.727
72,71,30.705,60.285,109.365
72,72,30.715,60.285,109.734
72,73,30.725,60.285,109.76
72,74,30.735,60.285,109.437
72,75,30.745,60.285,108.83
72,76,30.755,60.285,108.064
72,77,30.765,60.285,107.294
72,78,30.775,60.285,106.676
72,79,30.785,60.285,106.336
72,80,30.795,60.285,106.342
72,81,30.805,60.285,106.694
72,82,30.815,60.285,107.321
72,83,30.825,60.285,108.094
72,84,30.835,60.285,108.857
72,85,30.845,60.285,109.455
72,86,30.855,60.285,109.767
72,87,30.865,60.285,109.729
72,88,30.875,60.285,109.349
72,89,30.885,60.285,108.705
72,90,30.895,60.285,107.926
72,91,30.905,60.285,107.172
72,92,30.915,60.285,106.595
72,93,30.925,60.285,106.313
72,94,30.935,60.285,106.383
72,95,30.945,60.285,106.791
72,96,30.955,60.285,107.454
72,97,30.965,60.285,108.237
72,98,30.975,60.285,108.982
72,99,30.985,60.285,109.537
72,100,30.995,60.285,109.789
73,1,30.005,60.275,108.471
73,2,30.015,60.275,109.083
73,3,30.025,60.275,109.415
73,4,30.035,60.275,109.399
73,5,30.045,60.275,109.039
73,6,30.055,60.275,108.408
73,7,30.065,60.275,107.633
73,8,30.075,60.275,106.872
73,9,30.085,60.275,106.281
73,10,30.095,60.275,105.978
73,11,30.105,60.275,106.026
73,12,30.115,60.275,106.414
73,13,30.125,60.275,107.065
73,14,30.135,60.275,107.845
73,15,30.145,60.275,108.597
73,16,30.155,60.275,109.167
73,17,30.165,60.275,109.441
73,18,30.175,60.275,109.362
73,19,30.185,60.275,108.947
73,20,30.195,60.275,108.279
73,21,30.205,60.275,107.495
73,22,30.215,60.275,106.754
73,23,30.225,60.275,106.206
73,24,30.235,60.275,105.963
73,25,30.245,60.275,106.074
73,26,30.255,60.275,106.516
73,27,30.265,60.275,107.2
73,28,30.275,60.275,107.987
73,29,30.285,60.275,108.718
73,30,30.295,60.275,109.242
73,31,30.305,60.275,109.456
73,32,30.315,60.275,109.314
73,33,30.325,60.275,108.846
73,34,30.335,60.275,108.147
73,35,30.345,60.275,107.359
73,36,30.355,60.275,106.642
73,37,30.365,60.275,106.141
73,38,30.375,60.275,105.959
73,39,30.385,60.275,106.132
73,40,30.395,60.275,106.626
73,41,30.405,60.275,107.339
73,42,30.415,60.275,108.128
73,43,30.425,60.275,108.832
73,44,30.435,60.275,109.308
73,45,30.445,60.275,109.459
73,46,30.455,60.275,109.255
73,47,30.465,60.275,108.738
73,48,30.475,60.275,108.012
73,49,30.485,60.275,107.225
73,50,30.495,60.275,106.536
73,51,30.505,60.275,106.086
73,52,30.515,60.275,105.966
73,53,30.525,60.275,106.201
73,54,30.535,60.275,106.742
73,55,30.545,60.275,107.48
73,56,30.555,60.275,108.266
73,57,30.565,60.275,108.938
73,58,30.575,60.275,109.362
73,59,30.585,60.275,109.451
73,60,30.595,60.275,109.187
73,61,30.605,60.275,108.623
73,62,30.615,60.275,107.875
73,63,30.625,60.275,107.094
73,64,30.635,60.275,106.438
73,65,30.645,60.275,106.042
73,66,30.655,60.275,105.985
73,67,30.665,60.275,106.279
73,68,30.675,60.275,106.865
73,69,30.685,60.275,107.623
73,70,30.695,60.275,108.4
73,71,30.705,60.275,109.037
73,72,30.715,60.275,109.406
73,73,30.725,60.275,109.432
73,74,30.735,60.275,109.109
73,75,30.745,60.275,108.503
73,76,30.755,60.275,107.737
73,77,30.765,60.275,106.967
73,78,30.775,60.275,106.348
73,79,30.785,60.275,106.008
73,80,30.795,60.275,106.015
73,81,30.805,60.275,106.367
73,82,30.815,60.275,106.993
73,83,30.825,60.275,107.766
73,84,30.835,60.275,108.529
73,85,30.845,60.275,109.128
73,86,30.855,60.275,109.44
73,87,30.865,60.275,109.402
73,88,30.875,60.275,109.022
73,89,30.885,60.275,108.377
73,90,30.895,60.275,107.599
73,91,30.905,60.275,106.844
73,92,30.915,60.275,106.268
73,93,30.925,60.275,105.986
73,94,30.935,60.275,106.055
73,95,30.945,60.275,106.463
73,96,30.955,60.275,107.126
73,97,30.965,60.275,107.909
73,98,30.975,60.275,108.654
73,99,30.985,60.275,109.209
73,100,30.995,60.275,109.462
74,1,30.005,60.265,108.183
74,2,30.015,60.265,108.795
74,3,30.025,60.265,109.127
74,4,30.035,60.265,109.112
74,5,30.045,60.265,108.751
74,6,30.055,60.265,108.12
74,7,30.065,60.265,107.345
74,8,30.075,60.265,106.585
74,9,30.085,60.265,105.993
74,10,30.095,60.265,105.69
74,11,30.105,60.265,105.738
74,12,30.115,60.265,106.127
74,13,30.125,60.265,106.777
74,14,30.135,60.265,107.557
74,15,30.145,60.265,108.309
74,16,30.155,60.265,108.88
74,17,30.165,60.265,109.153
74,18,30.175,60.265,109.074
74,19,30.185,60.265,108.659
74,20,30.195,60.265,107.991
74,21,30.205,60.265,107.207
74,22,30.215,60.265,106.466
74,23,30.225,60.265,105.918
74,24,30.235,60.265,105.675
74,25,30.245,60.265,105.786
74,26,30.255,60.265,106.228
74,27,30.265,60.265,106.913
74,28,30.275,60.265,107.7
74,29,30.285,60.265,108.43
74,30,30.295,60.265,108.955
74,31,30.305,60.265,109.168
74,32,30.315,60.265,109.026
74,33,30.325,60.265,108.558
74,34,30.335,60.265,107.859
74,35,30.345,60.265,107.071
74,36,30.355,60.265,106.354
74,37,30.365,60.265,105.853
74,38,30.375,60.265,105.671
74,39,30.385,60.265,105.844
74,40,30.395,60.265,106.338
74,41,30.405,60.265,107.051
74,42,30.415,60.265,107.84
74,43,30.425,60.265,108.544
74,44,30.435,60.265,109.02
74,45,30.445,60.265,109.171
74,46,30.455,60.265,108.968
74,47,30.465,60.265,108.45
74,48,30.475,60.265,107.724
74,49,30.485,60.265,106.937
74,50,30.495,60.265,106.248
74,51,30.505,60.265,105.798
74,52,30.515,60.265,105.678
74,53,30.525,60.265,105.913
74,54,30.535,60.265,106.454
74,55,30.545,60.265,107.193
74,56,30.555,60.265,107.978
74,57,30.565,60.265,108.651
74,58,30.575,60.265,109.075
74,59,30.585,60.265,109.163
74,60,30.595,60.265,108.899
74,61,30.605,60.265,108.336
74,62,30.615,60.265,107.587
74,63,30.625,60.265,106.806
74,64,30.635,60.265,106.15
74,65,30.645,60.265,105.754
74,66,30.655,60.265,105.697
74,67,30.665,60.265,105.991
74,68,30.675,60.265,106.577
74,69,30.685,60.265,107.335
74,70,30.695,60.265,108.112
74,71,30.705,60.265,108.75
74,72,30.715,60.265,109.119
74,73,30.725,60.265,109.144
74,74,30.735,60.265,108.821
74,75,30.745,60.265,108.215
74,76,30.755,60.265,107.449
74,77,30.765,60.265,106.679
74,78,30.775,60.265,106.061
74,79,30.785,60.265,105.72
74,80,30.795,60.265,105.727
74,81,30.805,60.265,106.079
74,82,30.815,60.265,106.705
74,83,30.825,60.265,107.478
74,84,30.835,60.265,108.242
74,85,30.845,60.265,108.84
74,86,30.855,60.265,109.152
74,87,30.865,60.265,109.114
74,88,30.875,60.265,108.734
74,89,30.885,60.265,108.089
74,90,30.895,60.265,107.311
74,91,30.905,60.265,106.557
74,92,30.915,60.265,105.98
74,93,30.925,60.265,105.698
74,94,30.935,60.265,105.768
74,95,30.945,60.265,106.175
74,96,30.955,60.265,106.838
74,97,30.965,60.265,107.621
74,98,30.975,60.265,108.366
74,99,30.985,60.265,108.921
74,100,30.995,60.265,109.174
75,1,30.005,60.255,107.974
75,2,30.015,60.255,108.587
75,3,30.025,60.255,108.919
75,4,30.035,60.255,108.903
75,5,30.045,60.255,108.543
75,6,30.055,60.255,107.911
75,7,30.065,60.255,107.136
75,8,30.075,60.255,106.376
75,9,30.085,60.255,105.784
75,10,30.095,60.255,105.482
75,11,30.105,60.255,105.529
75,12,30.115,60.255,105.918
75,13,30.125,60.255,106.568
75,14,30.135,60.255,107.349
75,15,30.145,60.255,108.1
75,16,30.155,60.255,108.671
75,17,30.165,60.255,108.945
75,18,30.175,60.255,108.866
75,19,30.185,60.255,108.45
75,20,30.195,60.255,107.783
75,21,30.205,60.255,106.999
75,22,30.215,60.255,106.257
75,23,30.225,60.255,105.71
75,24,30.235,60.255,105.466
75,25,30.245,60.255,105.577
75,26,30.255,60.255,106.02
75,27,30.265,60.255,106.704
75,28,30.275,60.255,107.491
75,29,30.285,60.255,108.221
75,30,30.295,60.255,108.746
75,31,30.305,60.255,108.959
75,32,30.315,60.255,108.817
75,33,30.325,60.255,108.349
75,34,30.335,60.255,107.65
75,35,30.345,60.255,106.862
75,36,30.355,60.255,106.145
75,37,30.365,60.255,105.645
75,38,30.375,60.255,105.462
75,39,30.385,60.255,105.636
75,40,30.395,60.255,106.129
75,41,30.405,60.255,106.843
75,42,30.415,60.255,107.631
75,43,30.425,60.255,108.335
75,44,30.435,60.255,108.811
75,45,30.445,60.255,108.963
75,46,30.455,60.255,108.759
75,47,30.465,60.255,108.241
75,48,30.475,60.255,107.515
75,49,30.485,60.255,106.728
75,50,30.495,60.255,106.04
75,51,30.505,60.255,105.59
75,52,30.515,60.255,105.47
75,53,30.525,60.255,105.704
75,54,30.535,60.255,106.246
75,55,30.545,60.255,106.984
75,56,30.555,60.255,107.769
75,57,30.565,60.255,108.442
75,58,30.575,60.255,108.866
75,59,30.585,60.255,108.955
75,60,30.595,60.255,108.69
75,61,30.605,60.255,108.127
75,62,30.615,60.255,107.378
75,63,30.625,60.255,106.597
75,64,30.635,60.255,105.942
75,65,30.645,60.255,105.545
75,66,30.655,60.255,105.488
75,67,30.665,60.255,105.783
75,68,30.675,60.255,106.368
75,69,30.685,60.255,107.126
75,70,30.695,60.255,107.903
75,71,30.705,60.255,108.541
75,72,30.715,60.255,108.91
75,73,30.725,60.255,108.935
75,74,30.735,60.255,108.612
75,75,30.745,60.255,108.006
75,76,30.755,60.255,107.24
75,77,30.765,60.255,106.47
75,78,30.775,60.255,105.852
75,79,30.785,60.255,105.512
75,80,30.795,60.255,105.518
75,81,30.805,60.255,105.87
75,82,30.815,60.255,106.497
75,83,30.825,60.255,107.27
75,84,30.835,60.255,108.033
75,85,30.845,60.255,108.631
75,86,30.855,60.255,108.943
75,87,30.865,60.255,108.905
75,88,30.875,60.255,108.525
75,89,30.885,60.255,107.881
75,90,30.895,60.255,107.102
75,91,30.905,60.255,106.348
75,92,30.915,60.255,105.771
75,93,30.925,60.255,105.489
75,94,30.935,60.255,105.559
75,95,30.945,60.255,105.967
75,96,30.955,60.255,106.629
75,97,30.965,60.255,107.413
75,98,30.975,60.255,108.157
75,99,30.985,60.255,108.712
75,100,30.995,60.255,108.965
76,1,30.005,60.245,107.873
76,2,30.015,60.245,108.485
76,3,30.025,60.245,108.817
76,4,30.035,60.245,108.802
76,5,30.045,60.245,108.441
76,6,30.055,60.245,107.81
76,7,30.065,60.245,107.035
76,8,30.075,60.245,106.275
76,9,30.085,60.245,105.683
76,10,30.095,60.245,105.38
76,11,30.105,60.245,105.428
76,12,30.115,60.245,105.817
76,13,30.125,60.245,106.467
76,14,30.135,60.245,107.247
76,15,30.145,60.245,107.999
76,16,30.155,60.245,108.57
76,17,30.165,60.245,108.843
76,18,30.175,60.245,108.764
76,19,30.185,60.245,108.349
76,20,30.195,60.245,107.681
76,21,30.205,60.245,106.897
76,22,30.215,60.245,106.156
76,23,30.225,60.245,105.608
76,24,30.235,60.245,105.365
76,25,30.245,60.245,105.476
76,26,30.255,60.245,105.918
76,27,30.265,60.245,106.602
76,28,30.275,60.245,107.39
76,29,30.285,60.245,108.12
76,30,30.295,60.245,108.645
76,31,30.305,60.245,108.858
76,32,30.315,60.245,108.716
76,33,30.325,60.245,108.248
76,34,30.335,60.245,107.549
76,35,30.345,60.245,106.761
76,36,30.355,60.245,106.044
76,37,30.365,60.245,105.543
76,38,30.375,60.245,105.361
76,39,30.385,60.245,105.534
76,40,30.395,60.245,106.028
76,41,30.405,60.245,106.741
76,42,30.415,60.245,107.53
76,43,30.425,60.245,108.234
76,44,30.435,60.245,108.71
76,45,30.445,60.245,108.861
76,46,30.455,60.245,108.658
76,47,30.465,60.245,108.14
76,48,30.475,60.245,107.414
76,49,30.485,60.245,106.627
76,50,30.495,60.245,105.938
76,51,30.505,60.245,105.488
76,52,30.515,60.245,105.368
76,53,30.525,60.245,105.603
76,54,30.535,60.245,106.144
76,55,30.545,60.245,106.882
76,56,30.555,60.245,107.668
76,57,30.565,60.245,108.341
76,58,30.575,60.245,108.764
76,59,30.585,60.245,108.853
76,60,30.595,60.245,108.589
76,61,30.605,60.245,108.025
76,62,30.615,60.245,107.277
76,63,30.625,60.245,106.496
76,64,30.635,60.245,105.84
76,65,30.645,60.245,105.444
76,66,30.655,60.245,105.387
76,67,30.665,60.245,105.681
76,68,30.675,60.245,106.267
76,69,30.685,60.245,107.025
76,70,30.695,60.245,107.802
76,71,30.705,60.245,108.439
76,72,30.715,60.245,108.809
76,73,30.725,60.245,108.834
76,74,30.735,60.245,108.511
76,75,30.745,60.245,107.905
76,76,30.755,60.245,107.139
76,77,30.765,60.245,106.369
76,78,30.775,60.245,105.751
76,79,30.785,60.245,105.41
76,80,30.795,60.245,105.417
76,81,30.805,60.245,105.769
76,82,30.815,60.245,106.395
76,83,30.825,60.245,107.168
76,84,30.835,60.245,107.932
76,85,30.845,60.245,108.53
76,86,30.855,60.245,108.842
76,87,30.865,60.245,108.804
76,88,30.875,60.245,108.424
76,89,30.885,60.245,107.779
76,90,30.895,60.245,107.001
76,91,30.905,60.245,106.247
76,92,30.915,60.245,105.67
76,93,30.925,60.245,105.388
76,94,30.935,60.245,105.458
76,95,30.945,60.245,105.865
76,96,30.955,60.245,106.528
76,97,30.965,60.245,107.311
76,98,30.975,60.245,108.056
76,99,30.985,60.245,108.611
76,100,30.995,60.245,108.864
77,1,30.005,60.235,107.892
77,2,30.015,60.235,108.505
77,3,30.025,60.235,108.837
77,4,30.035,60.235,108.821
77,5,30.045,60.235,108.461
77,6,30.055,60.235,107.829
77,7,30.065,60.235,107.055
77,8,30.075,60.235,106.294
77,9,30.085,60.235,105.703
77,10,30.095,60.235,105.4
77,11,30.105,60.235,105.448
77,12,30.115,60.235,105.836
77,13,30.125,60.235,106.487
77,14,30.135,60.235,107.267
77,15,30.145,60.235,108.019
77,16,30.155,60.235,108.589
77,17,30.165,60.235,108.863
77,18,30.175,60.235,108.784
77,19,30.185,60.235,108.368
77,20,30.195,60.235,107.701
77,21,30.205,60.235,106.917
77,22,30.215,60.235,106.176
77,23,30.225,60.235,105.628
77,24,30.235,60.235,105.385
77,25,30.245,60.235,105.495
77,26,30.255,60.235,105.938
77,27,30.265,60.235,106.622
77,28,30.275,60.235,107.409
77,29,30.285,60.235,108.139
77,30,30.295,60.235,108.664
77,31,30.305,60.235,108.877
77,32,30.315,60.235,108.736
77,33,30.325,60.235,108.268
77,34,30.335,60.235,107.569
77,35,30.345,60.235,106.78
77,36,30.355,60.235,106.063
77,37,30.365,60.235,105.563
77,38,30.375,60.235,105.381
77,39,30.385,60.235,105.554
77,40,30.395,60.235,106.047
77,41,30.405,60.235,106.761
77,42,30.415,60.235,107.55
77,43,30.425,60.235,108.253
77,44,30.435,60.235,108.729
77,45,30.445,60.235,108.881
77,46,30.455,60.235,108.677
77,47,30.465,60.235,108.16
77,48,30.475,60.235,107.434
77,49,30.485,60.235,106.646
77,50,30.495,60.235,105.958
77,51,30.505,60.235,105.508
77,52,30.515,60.235,105.388
77,53,30.525,60.235,105.623
77,54,30.535,60.235,106.164
77,55,30.545,60.235,106.902
77,56,30.555,60.235,107.687
77,57,30.565,60.235,108.36
77,58,30.575,60.235,108.784
77,59,30.585,60.235,108.873
77,60,30.595,60.235,108.609
77,61,30.605,60.235,108.045
77,62,30.615,60.235,107.297
77,63,30.625,60.235,106.515
77,64,30.635,60.235,105.86
77,65,30.645,60.235,105.463
77,66,30.655,60.235,105.407
77,67,30.665,60.235,105.701
77,68,30.675,60.235,106.287
77,69,30.685,60.235,107.045
77,70,30.695,60.235,107.822
77,71,30.705,60.235,108.459
77,72,30.715,60.235,108.828
77,73,30.725,60.235,108.854
77,74,30.735,60.235,108.531
77,75,30.745,60.235,107.925
77,76,30.755,60.235,107.159
77,77,30.765,60.235,106.388
77,78,30.775,60.235,105.77
77,79,30.785,60.235,105.43
77,80,30.795,60.235,105.436
77,81,30.805,60.235,105.789
77,82,30.815,60.235,106.415
77,83,30.825,60.235,107.188
77,84,30.835,60.235,107.951
77,85,30.845,60.235,108.549
77,86,30.855,60.235,108.861
77,87,30.865,60.235,108.823
77,88,30.875,60.235,108.444
77,89,30.885,60.235,107.799
77,90,30.895,60.235,107.02
77,91,30.905,60.235,106.266
77,92,30.915,60.235,105.689
77,93,30.925,60.235,105.407
77,94,30.935,60.235,105.477
77,95,30.945,60.235,105.885
77,96,30.955,60.235,106.548
77,97,30.965,60.235,107.331
77,98,30.975,60.235,108.076
77,99,30.985,60.235,108.631
77,100,30.995,60.235,108.883
78,1,30.005,60.225,108.03
78,2,30.015,60.225,108.643
78,3,30.025,60.225,108.975
78,4,30.035,60.225,108.959
78,5,30.045,60.225,108.599
78,6,30.055,60.225,107.967
78,7,30.065,60.225,107.193
78,8,30.075,60.225,106.432
78,9,30.085,60.225,105.841
78,10,30.095,60.225,105.538
78,11,30.105,60.225,105.586
78,12,30.115,60.225,105.974
78,13,30.125,60.225,106.625
78,14,30.135,60.225,107.405
78,15,30.145,60.225,108.157
78,16,30.155,60.225,108.727
78,17,30.165,60.225,109.001
78,18,30.175,60.225,108.922
78,19,30.185,60.225,108.506
78,20,30.195,60.225,107.839
78,21,30.205,60.225,107.055
78,22,30.215,60.225,106.314
78,23,30.225,60.225,105.766
78,24,30.235,60.225,105.523
78,25,30.245,60.225,105.634
78,26,30.255,60.225,106.076
78,27,30.265,60.225,106.76
78,28,30.275,60.225,107.547
78,29,30.285,60.225,108.277
78,30,30.295,60.225,108.802
78,31,30.305,60.225,109.016
78,32,30.315,60.225,108.874
78,33,30.325,60.225,108.406
78,34,30.335,60.225,107.707
78,35,30.345,60.225,106.919
78,36,30.355,60.225,106.201
78,37,30.365,60.225,105.701
78,38,30.375,60.225,105.519
78,39,30.385,60.225,105.692
78,40,30.395,60.225,106.185
78,41,30.405,60.225,106.899
78,42,30.415,60.225,107.688
78,43,30.425,60.225,108.392
78,44,30.435,60.225,108.867
78,45,30.445,60.225,109.019
78,46,30.455,60.225,108.815
78,47,30.465,60.225,108.298
78,48,30.475,60.225,107.572
78,49,30.485,60.225,106.784
78,50,30.495,60.225,106.096
78,51,30.505,60.225,105.646
78,52,30.515,60.225,105.526
78,53,30.525,60.225,105.761
78,54,30.535,60.225,106.302
78,55,30.545,60.225,107.04
78,56,30.555,60.225,107.825
78,57,30.565,60.225,108.498
78,58,30.575,60.225,108.922
78,59,30.585,60.225,109.011
78,60,30.595,60.225,108.747
78,61,30.605,60.225,108.183
78,62,30.615,60.225,107.435
78,63,30.625,60.225,106.653
78,64,30.635,60.225,105.998
78,65,30.645,60.225,105.602
78,66,30.655,60.225,105.545
78,67,30.665,60.225,105.839
78,68,30.675,60.225,106.425
78,69,30.685,60.225,107.183
78,70,30.695,60.225,107.96
78,71,30.705,60.225,108.597
78,72,30.715,60.225,108.966
78,73,30.725,60.225,108.992
78,74,30.735,60.225,108.669
78,75,30.745,60.225,108.063
78,76,30.755,60.225,107.297
78,77,30.765,60.225,106.526
78,78,30.775,60.225,105.908
78,79,30.785,60.225,105.568
78,80,30.795,60.225,105.575
78,81,30.805,60.225,105.927
78,82,30.815,60.225,106.553
78,83,30.825,60.225,107.326
78,84,30.835,60.225,108.089
78,85,30.845,60.225,108.688
78,86,30.855,60.225,108.999
78,87,30.865,60.225,108.962
78,88,30.875,60.225,108.582
78,89,30.885,60.225,107.937
78,90,30.895,60.225,107.158
78,91,30.905,60.225,106.404
78,92,30.915,60.225,105.828
78,93,30.925,60.225,105.545
78,94,30.935,60.225,105.615
78,95,30.945,60.225,106.023
78,96,30.955,60.225,106.686
78,97,30.965,60.225,107.469
78,98,30.975,60.225,108.214
78,99,30.985,60.225,108.769
78,100,30.995,60.225,109.021
79,1,30.005,60.215,108.268
79,2,30.015,60.215,108.881
79,3,30.025,60.215,109.213
79,4,30.035,60.215,109.197
79,5,30.045,60.215,108.837
79,6,30.055,60.215,108.205
79,7,30.065,60.215,107.431
79,8,30.075,60.215,106.67
79,9,30.085,60.215,106.079
79,10,30.095,60.215,105.776
79,11,30.105,60.215,105.824
79,12,30.115,60.215,106.212
79,13,30.125,60.215,106.863
79,14,30.135,60.215,107.643
79,15,30.145,60.215,108.395
79,16,30.155,60.215,108.965
79,17,30.165,60.215,109.239
79,18,30.175,60.215,109.16
79,19,30.185,60.215,108.744
79,20,30.195,60.215,108.077
79,21,30.205,60.215,107.293
79,22,30.215,60.215,106.552
79,23,30.225,60.215,106.004
79,24,30.235,60.215,105.761
79,25,30.245,60.215,105.871
79,26,30.255,60.215,106.314
79,27,30.265,60.215,106.998
79,28,30.275,60.215,107.785
79,29,30.285,60.215,108.515
79,30,30.295,60.215,109.04
79,31,30.305,60.215,109.253
79,32,30.315,60.215,109.112
79,33,30.325,60.215,108.644
79,34,30.335,60.215,107.945
79,35,30.345,60.215,107.156
79,36,30.355,60.215,106.439
79,37,30.365,60.215,105.939
79,38,30.375,60.215,105.757
79,39,30.385,60.215,105.93
79,40,30.395,60.215,106.423
79,41,30.405,60.215,107.137
79,42,30.415,60.215,107.926
79,43,30.425,60.215,108.629
79,44,30.435,60.215,109.105
79,45,30.445,60.215,109.257
79,46,30.455,60.215,109.053
79,47,30.465,60.215,108.536
79,48,30.475,60.215,107.81
79,49,30.485,60.215,107.022
79,50,30.495,60.215,106.334
79,51,30.505,60.215,105.884
79,52,30.515,60.215,105.764
79,53,30.525,60.215,105.998
79,54,30.535,60.215,106.54
79,55,30.545,60.215,107.278
79,56,30.555,60.215,108.063
79,57,30.565,60.215,108.736
79,58,30.575,60.215,109.16
79,59,30.585,60.215,109.249
79,60,30.595,60.215,108.985
79,61,30.605,60.215,108.421
79,62,30.615,60.215,107.673
79,63,30.625,60.215,106.891
79,64,30.635,60.215,106.236
79,65,30.645,60.215,105.839
79,66,30.655,60.215,105.783
79,67,30.665,60.215,106.077
79,68,30.675,60.215,106.662
79,69,30.685,60.215,107.421
79,70,30.695,60.215,108.197
79,71,30.705,60.215,108.835
79,72,30.715,60.215,109.204
79,73,30.725,60.215,109.23
79,74,30.735,60.215,108.907
79,75,30.745,60.215,108.3
79,76,30.755,60.215,107.534
79,77,30.765,60.215,106.764
79,78,30.775,60.215,106.146
79,79,30.785,60.215,105.806
79,80,30.795,60.215,105.812
79,81,30.805,60.215,106.164
79,82,30.815,60.215,106.791
79,83,30.825,60.215,107.564
79,84,30.835,60.215,108.327
79,85,30.845,60.215,108.925
79,86,30.855,60.215,109.237
79,87,30.865,60.215,109.199
79,88,30.875,60.215,108.819
79,89,30.885,60.215,108.175
79,90,30.895,60.215,107.396
79,91,30.905,60.215,106.642
79,92,30.915,60.215,106.065
79,93,30.925,60.215,105.783
79,94,30.935,60.215,105.853
79,95,30.945,60.215,106.261
79,96,30.955,60.215,106.924
79,97,30.965,60.215,107.707
79,98,30.975,60.215,108.452
79,99,30.985,60.215,109.007
79,100,30.995,60.215,109.259
80,1,30.005,60.205,108.574
80,2,30.015,60.205,109.186
80,3,30.025,60.205,109.518
80,4,30.035,60.205,109.502
80,5,30.045,60.205,109.142
80,6,30.055,60.205,108.511
80,7,30.065,60.205,107.736
80,8,30.075,60.205,106.975
80,9,30.085,60.205,106.384
80,10,30.095,60.205,106.081
80,11,30.105,60.205,106.129
80,12,30.115,60.205,106.517
80,13,30.125,60.205,107.168
80,14,30.135,60.205,107.948
80,15,30.145,60.205,108.7
80,16,30.155,60.205,109.27
80,17,30.165,60.205,109.544
80,18,30.175,60.205,109.465
80,19,30.185,60.205,109.05
80,20,30.195,60.205,108.382
80,21,30.205,60.205,107.598
80,22,30.215,60.205,106.857
80,23,30.225,60.205,106.309
80,24,30.235,60.205,106.066
80,25,30.245,60.205,106.177
80,26,30.255,60.205,106.619
80,27,30.265,60.205,107.303
80,28,30.275,60.205,108.09
80,29,30.285,60.205,108.821
80,30,30.295,60.205,109.345
80,31,30.305,60.205,109.559
80,32,30.315,60.205,109.417
80,33,30.325,60.205,108.949
80,34,30.335,60.205,108.25
80,35,30.345,60.205,107.462
80,36,30.355,60.205,106.745
80,37,30.365,60.205,106.244
80,38,30.375,60.205,106.062
80,39,30.385,60.205,106.235
80,40,30.395,60.205,106.729
80,41,30.405,60.205,107.442
80,42,30.415,60.205,108.231
80,43,30.425,60.205,108.935
80,44,30.435,60.205,109.411
80,45,30.445,60.205,109.562
80,46,30.455,60.205,109.358
80,47,30.465,60.205,108.841
80,48,30.475,60.205,108.115
80,49,30.485,60.205,107.328
80,50,30.495,60.205,106.639
80,51,30.505,60.205,106.189
80,52,30.515,60.205,106.069
80,53,30.525,60.205,106.304
80,54,30.535,60.205,106.845
80,55,30.545,60.205,107.583
80,56,30.555,60.205,108.369
80,57,30.565,60.205,109.041
80,58,30.575,60.205,109.465
80,59,30.585,60.205,109.554
80,60,30.595,60.205,109.29
80,61,30.605,60.205,108.726
80,62,30.615,60.205,107.978
80,63,30.625,60.205,107.197
80,64,30.635,60.205,106.541
80,65,30.645,60.205,106.145
80,66,30.655,60.205,106.088
80,67,30.665,60.205,106.382
80,68,30.675,60.205,106.968
80,69,30.685,60.205,107.726
80,70,30.695,60.205,108.503
80,71,30.705,60.205,109.14
80,72,30.715,60.205,109.509
80,73,30.725,60.205,109.535
80,74,30.735,60.205,109.212
80,75,30.745,60.205,108.606
80,76,30.755,60.205,107.84
80,77,30.765,60.205,107.07
80,78,30.775,60.205,106.451
80,79,30.785,60.205,106.111
80,80,30.795,60.205,106.118
80,81,30.805,60.205,106.47
80,82,30.815,60.205,107.096
80,83,30.825,60.205,107.869
80,84,30.835,60.205,108.632
80,85,30.845,60.205,109.231
80,86,30.855,60.205,109.543
80,87,30.865,60.205,109.505
80,88,30.875,60.205,109.125
80,89,30.885,60.205,108.48
80,90,30.895,60.205,107.702
80,91,30.905,60.205,106.947
80,92,30.915,60.205,106.371
80,93,30.925,60.205,106.089
80,94,30.935,60.205,106.158
80,95,30.945,60.205,106.566
80,96,30.955,60.205,107.229
80,97,30.965,60.205,108.012
80,98,30.975,60.205,108.757
80,99,30.985,60.205,109.312
80,100,30.995,60.205,109.565
81,1,30.005,60.195,108.905
81,2,30.015,60.195,109.517
81,3,30.025,60.195,109.85
81,4,30.035,60.195,109.834
81,5,30.045,60.195,109.474
81,6,30.055,60.195,108.842
81,7,30.065,60.195,108.067
81,8,30.075,60.195,107.307
81,9,30.085,60.195,106.715
81,10,30.095,60.195,106.413
81,11,30.105,60.195,106.46
81,12,30.115,60.195,106.849
81,13,30.125,60.195,107.499
81,14,30.135,60.195,108.28
81,15,30.145,60.195,109.031
81,16,30.155,60.195,109.602
81,17,30.165,60.195,109.875
81,18,30.175,60.195,109.796
81,19,30.185,60.195,109.381
81,20,30.195,60.195,108.713
81,21,30.205,60.195,107.93
81,22,30.215,60.195,107.188
81,23,30.225,60.195,106.64
81,24,30.235,60.195,106.397
81,25,30.245,60.195,106.508
81,26,30.255,60.195,106.951
81,27,30.265,60.195,107.635
81,28,30.275,60.195,108.422
81,29,30.285,60.195,109.152
81,30,30.295,60.195,109.677
81,31,30.305,60.195,109.89
81,32,30.315,60.195,109.748
81,33,30.325,60.195,109.28
81,34,30.335,60.195,108.581
81,35,30.345,60.195,107.793
81,36,30.355,60.195,107.076
81,37,30.365,60.195,106.575
81,38,30.375,60.195,106.393
81,39,30.385,60.195,106.567
81,40,30.395,60.195,107.06
81,41,30.405,60.195,107.774
81,42,30.415,60.195,108.562
81,43,30.425,60.195,109.266
81,44,30.435,60.195,109.742
81,45,30.445,60.195,109.893
81,46,30.455,60.195,109.69
81,47,30.465,60.195,109.172
81,48,30.475,60.195,108.446
81,49,30.485,60.195,107.659
81,50,30.495,60.195,106.97
81,51,30.505,60.195,106.52
81,52,30.515,60.195,106.401
81,53,30.525,60.195,106.635
81,54,30.535,60.195,107.176
81,55,30.545,60.195,107.915
81,56,30.555,60.195,108.7
81,57,30.565,60.195,109.373
81,58,30.575,60.195,109.797
81,59,30.585,60.195,109.886
81,60,30.595,60.195,109.621
81,61,30.605,60.195,109.058
81,62,30.615,60.195,108.309
81,63,30.625,60.195,107.528
81,64,30.635,60.195,106.873
81,65,30.645,60.195,106.476
81,66,30.655,60.195,106.419
81,67,30.665,60.195,106.713
81,68,30.675,60.195,107.299
81,69,30.685,60.195,108.057
81,70,30.695,60.195,108.834
81,71,30.705,60.195,109.472
81,72,30.715,60.195,109.841
81,73,30.725,60.195,109.866
81,74,30.735,60.195,109.543
81,75,30.745,60.195,108.937
81,76,30.755,60.195,108.171
81,77,30.765,60.195,107.401
81,78,30.775,60.195,106.783
81,79,30.785,60.195,106.443
81,80,30.795,60.195,106.449
81,81,30.805,60.195,106.801
81,82,30.815,60.195,107.427
81,83,30.825,60.195,108.201
81,84,30.835,60.195,108.964
81,85,30.845,60.195,109.562
81,86,30.855,60.195,109.874
81,87,30.865,60.195,109.836
81,88,30.875,60.195,109.456
81,89,30.885,60.195,108.812
81,90,30.895,60.195,108.033
81,91,30.905,60.195,107.279
81,92,30.915,60.195,106.702
81,93,30.925,60.195,106.42
81,94,30.935,60.195,106.49
81,95,30.945,60.195,106.898
81,96,30.955,60.195,107.56
81,97,30.965,60.195,108.344
81,98,30.975,60.195,109.088
81,99,30.985,60.195,109.643
81,100,30.995,60.195,109.896
82,1,30.005,60.185,109.217
82,2,30.015,60.185,109.83
82,3,30.025,60.185,110.162
82,4,30.035,60.185,110.146
82,5,30.045,60.185,109.786
82,6,30.055,60.185,109.155
82,7,30.065,60.185,108.38
82,8,30.075,60.185,107.619
82,9,30.085,60.185,107.028
82,10,30.095,60.185,106.725
82,11,30.105,60.185,106.773
82,12,30.115,60.185,107.161
82,13,30.125,60.185,107.812
82,14,30.135,60.185,108.592
82,15,30.145,60.185,109.344
82,16,30.155,60.185,109.914
82,17,30.165,60.185,110.188
82,18,30.175,60.185,110.109
82,19,30.185,60.185,109.694
82,20,30.195,60.185,109.026
82,21,30.205,60.185,108.242
82,22,30.215,60.185,107.501
82,23,30.225,60.185,106.953
82,24,30.235,60.185,106.71
82,25,30.245,60.185,106.821
82,26,30.255,60.185,107.263
82,27,30.265,60.185,107.947
82,28,30.275,60.185,108.734
82,29,30.285,60.185,109.465
82,30,30.295,60.185,109.989
82,31,30.305,60.185,110.203
82,32,30.315,60.185,110.061
82,33,30.325,60.185,109.593
82,34,30.335,60.185,108.894
82,35,30.345,60.185,108.106
82,36,30.355,60.185,107.388
82,37,30.365,60.185,106.888
82,38,30.375,60.185,106.706
82,39,30.385,60.185,106.879
82,40,30.395,60.185,107.373
82,41,30.405,60.185,108.086
82,42,30.415,60.185,108.875
82,43,30.425,60.185,109.579
82,44,30.435,60.185,110.055
82,45,30.445,60.185,110.206
82,46,30.455,60.185,110.002
82,47,30.465,60.185,109.485
82,48,30.475,60.185,108.759
82,49,30.485,60.185,107.972
82,50,30.495,60.185,107.283
82,51,30.505,60.185,106.833
82,52,30.515,60.185,106.713
82,53,30.525,60.185,106.948
82,54,30.535,60.185,107.489
82,55,30.545,60.185,108.227
82,56,30.555,60.185,109.013
82,57,30.565,60.185,109.685
82,58,30.575,60.185,110.109
82,59,30.585,60.185,110.198
82,60,30.595,60.185,109.934
82,61,30.605,60.185,109.37
82,62,30.615,60.185,108.622
82,63,30.625,60.185,107.841
82,64,30.635,60.185,107.185
82,65,30.645,60.185,106.789
82,66,30.655,60.185,106.732
82,67,30.665,60.185,107.026
82,68,30.675,60.185,107.612
82,69,30.685,60.185,108.37
82,70,30.695,60.185,109.147
82,71,30.705,60.185,109.784
82,72,30.715,60.185,110.153
82,73,30.725,60.185,110.179
82,74,30.735,60.185,109.856
82,75,30.745,60.185,109.25
82,76,30.755,60.185,108.484
82,77,30.765,60.185,107.714
82,78,30.775,60.185,107.095
82,79,30.785,60.185,106.755
82,80,30.795,60.185,106.762
82,81,30.805,60.185,107.114
82,82,30.815,60.185,107.74
82,83,30.825,60.185,108.513
82,84,30.835,60.185,109.276
82,85,30.845,60.185,109.875
82,86,30.855,60.185,110.186
82,87,30.865,60.185,110.149
82,88,30.875,60.185,109.769
82,89,30.885,60.185,109.124
82,90,30.895,60.185,108.346
82,91,30.905,60.185,107.591
82,92,30.915,60.185,107.015
82,93,30.925,60.185,106.733
82,94,30.935,60.185,106.802
82,95,30.945,60.185,107.21
82,96,30.955,60.185,107.873
82,97,30.965,60.185,108.656
82,98,30.975,60.185,109.401
82,99,30.985,60.185,109.956
82,100,30.995,60.185,110.208
83,1,30.005,60.175,109.469
83,2,30.015,60.175,110.081
83,3,30.025,60.175,110.413
83,4,30.035,60.175,110.398
83,5,30.045,60.175,110.038
83,6,30.055,60.175,109.406
83,7,30.065,60.175,108.631
83,8,30.075,60.175,107.871
83,9,30.085,60.175,107.279
83,10,30.095,60.175,106.976
83,11,30.105,60.175,107.024
83,12,30.115,60.175,107.413
83,13,30.125,60.175,108.063
83,14,30.135,60.175,108.843
83,15,30.145,60.175,109.595
83,16,30.155,60.175,110.166
83,17,30.165,60.175,110.439
83,18,30.175,60.175,110.36
83,19,30.185,60.175,109.945
83,20,30.195,60.175,109.277
83,21,30.205,60.175,108.493
83,22,30.215,60.175,107.752
83,23,30.225,60.175,107.204
83,24,30.235,60.175,106.961
83,25,30.245,60.175,107.072
83,26,30.255,60.175,107.514
83,27,30.265,60.175,108.199
83,28,30.275,60.175,108.986
83,29,30.285,60.175,109.716
83,30,30.295,60.175,110.241
83,31,30.305,60.175,110.454
83,32,30.315,60.175,110.312
83,33,30.325,60.175,109.844
83,34,30.335,60.175,109.145
83,35,30.345,60.175,108.357
83,36,30.355,60.175,107.64
83,37,30.365,60.175,107.139
83,38,30.375,60.175,106.957
83,39,30.385,60.175,107.13
83,40,30.395,60.175,107.624
83,41,30.405,60.175,108.337
83,42,30.415,60.175,109.126
83,43,30.425,60.175,109.83
83,44,30.435,60.175,110.306
83,45,30.445,60.175,110.457
83,46,30.455,60.175,110.254
83,47,30.465,60.175,109.736
83,48,30.475,60.175,109.01
83,49,30.485,60.175,108.223
83,50,30.495,60.175,107.534
83,51,30.505,60.175,107.084
83,52,30.515,60.175,106.965
83,53,30.525,60.175,107.199
83,54,30.535,60.175,107.74
83,55,30.545,60.175,108.479
83,56,30.555,60.175,109.264
83,57,30.565,60.175,109.937
83,58,30.575,60.175,110.361
83,59,30.585,60.175,110.449
83,60,30.595,60.175,110.185
83,61,30.605,60.175,109.622
83,62,30.615,60.175,108.873
83,63,30.625,60.175,108.092
83,64,30.635,60.175,107.436
83,65,30.645,60.175,107.04
83,66,30.655,60.175,106.983
83,67,30.665,60.175,107.277
83,68,30.675,60.175,107.863
83,69,30.685,60.175,108.621
83,70,30.695,60.175,109.398
83,71,30.705,60.175,110.036
83,72,30.715,60.175,110.405
83,73,30.725,60.175,110.43
83,74,30.735,60.175,110.107
83,75,30.745,60.175,109.501
83,76,30.755,60.175,108.735
83,77,30.765,60.175,107.965
83,78,30.775,60.175,107.347
83,79,30.785,60.175,107.006
83,80,30.795,60.175,107.013
83,81,30.805,60.175,107.365
83,82,30.815,60.175,107.991
83,83,30.825,60.175,108.765
83,84,30.835,60.175,109.528
83,85,30.845,60.175,110.126
83,86,30.855,60.175,110.438
83,87,30.865,60.175,110.4
83,88,30.875,60.175,110.02
83,89,30.885,60.175,109.375
83,90,30.895,60.175,108.597
83,91,30.905,60.175,107.843
83,92,30.915,60.175,107.266
83,93,30.925,60.175,106.984
83,94,30.935,60.175,107.054
83,95,30.945,60.175,107.461
83,96,30.955,60.175,108.124
83,97,30.965,60.175,108.907
83,98,30.975,60.175,109.652
83,99,30.985,60.175,110.207
83,100,30.995,60.175,110.46
84,1,30.005,60.165,109.625
84,2,30.015,60.165,110.237
84,3,30.025,60.165,110.57
84,4,30.035,60.165,110.554
84,5,30.045,60.165,110.194
84,6,30.055,60.165,109.562
84,7,30.065,60.165,108.787
84,8,30.075,60.165,108.027
84,9,30.085,60.165,107.435
84,10,30.095,60.165,107.133
84,11,30.105,60.165,107.18
84,12,30.115,60.165,107.569
84,13,30.125,60.165,108.219
84,14,30.135,60.165,109.0
84,15,30.145,60.165,109.751
84,16,30.155,60.165,110.322
84,17,30.165,60.165,110.595
84,18,30.175,60.165,110.516
84,19,30.185,60.165,110.101
84,20,30.195,60.165,109.434
84,21,30.205,60.165,108.65
84,22,30.215,60.165,107.908
84,23,30.225,60.165,107.361
84,24,30.235,60.165,107.117
84,25,30.245,60.165,107.228
84,26,30.255,60.165,107.671
84,27,30.265,60.165,108.355
84,28,30.275,60.165,109.142
84,29,30.285,60.165,109.872
84,30,30.295,60.165,110.397
84,31,30.305,60.165,110.61
84,32,30.315,60.165,110.468
84,33,30.325,60.165,110.0
84,34,30.335,60.165,109.301
84,35,30.345,60.165,108.513
84,36,30.355,60.165,107.796
84,37,30.365,60.165,107.295
84,38,30.375,60.165,107.113
84,39,30.385,60.165,107.287
84,40,30.395,60.165,107.78
84,41,30.405,60.165,108.494
84,42,30.415,60.165,109.282
84,43,30.425,60.165,109.986
84,44,30.435,60.165,110.462
84,45,30.445,60.165,110.614
84,46,30.455,60.165,110.41
84,47,30.465,60.165,109.892
84,48,30.475,60.165,109.166
84,49,30.485,60.165,108.379
84,50,30.495,60.165,107.69
84,51,30.505,60.165,107.241
84,52,30.515,60.165,107.121
84,53,30.525,60.165,107.355
84,54,30.535,60.165,107.896
84,55,30.545,60.165,108.635
84,56,30.555,60.165,109.42
84,57,30.565,60.165,110.093
84,58,30.575,60.165,110.517
84,59,30.585,60.165,110.606
84,60,30.595,60.165,110.341
84,61,30.605,60.165,109.778
84,62,30.615,60.165,109.029
84,63,30.625,60.165,108.248
84,64,30.635,60.165,107.593
84,65,30.645,60.165,107.196
84,66,30.655,60.165,107.139
84,67,30.665,60.165,107.434
84,68,30.675,60.165,108.019
84,69,30.685,60.165,108.777
84,70,30.695,60.165,109.554
84,71,30.705,60.165,110.192
84,72,30.715,60.165,110.561
84,73,30.725,60.165,110.586
84,74,30.735,60.165,110.263
84,75,30.745,60.165,109.657
84,76,30.755,60.165,108.891
84,77,30.765,60.165,108.121
84,78,30.775,60.165,107.503
84,79,30.785,60.165,107.163
84,80,30.795,60.165,107.169
84,81,30.805,60.165,107.521
84,82,30.815,60.165,108.147
84,83,30.825,60.165,108.921
84,84,30.835,60.165,109.684
84,85,30.845,60.165,110.282
84,86,30.855,60.165,110.594
84,87,30.865,60.165,110.556
84,88,30.875,60.165,110.176
84,89,30.885,60.165,109.532
84,90,30.895,60.165,108.753
84,91,30.905,60.165,107.999
84,92,30.915,60.165,107.422
84,93,30.925,60.165,107.14
84,94,30.935,60.165,107.21
84,95,30.945,60.165,107.618
84,96,30.955,60.165,108.28
84,97,30.965,60.165,109.064
84,98,30.975,60.165,109.808
84,99,30.985,60.165,110.363
84,100,30.995,60.165,110.616
85,1,30.005,60.155,109.665
85,2,30.015,60.155,110.277
85,3,30.025,60.155,110.609
85,4,30.035,60.155,110.594
85,5,30.045,60.155,110.233
85,6,30.055,60.155,109.602
85,7,30.065,60.155,108.827
85,8,30.075,60.155,108.067
85,9,30.085,60.155,107.475
85,10,30.095,60.155,107.172
85,11,30.105,60.155,107.22
85,12,30.115,60.155,107.609
85,13,30.125,60.155,108.259
85,14,30.135,60.155,109.039
85,15,30.145,60.155,109.791
85,16,30.155,60.155,110.362
85,17,30.165,60.155,110.635
85,18,30.175,60.155,110.556
85,19,30.185,60.155,110.141
85,20,30.195,60.155,109.473
85,21,30.205,60.155,108.689
85,22,30.215,60.155,107.948
85,23,30.225,60.155,107.4
85,24,30.235,60.155,107.157
85,25,30.245,60.155,107.268
85,26,30.255,60.155,107.71
85,27,30.265,60.155,108.394
85,28,30.275,60.155,109.182
85,29,30.285,60.155,109.912
85,30,30.295,60.155,110.437
85,31,30.305,60.155,110.65
85,32,30.315,60.155,110.508
85,33,30.325,60.155,110.04
85,34,30.335,60.155,109.341
85,35,30.345,60.155,108.553
85,36,30.355,60.155,107.836
85,37,30.365,60.155,107.335
85,38,30.375,60.155,107.153
85,39,30.385,60.155,107.326
85,40,30.395,60.155,107.82
85,41,30.405,60.155,108.533
85,42,30.415,60.155,109.322
85,43,30.425,60.155,110.026
85,44,30.435,60.155,110.502
85,45,30.445,60.155,110.653
85,46,30.455,60.155,110.45
85,47,30.465,60.155,109.932
85,48,30.475,60.155,109.206
85,49,30.485,60.155,108.419
85,50,30.495,60.155,107.73
85,51,30.505,60.155,107.28
85,52,30.515,60.155,107.16
85,53,30.525,60.155,107.395
85,54,30.535,60.155,107.936
85,55,30.545,60.155,108.674
85,56,30.555,60.155,109.46
85,57,30.565,60.155,110.133
85,58,30.575,60.155,110.556
85,59,30.585,60.155,110.645
85,60,30.595,60.155,110.381
85,61,30.605,60.155,109.817
85,62,30.615,60.155,109.069
85,63,30.625,60.155,108.288
85,64,30.635,60.155,107.632
85,65,30.645,60.155,107.236
85,66,30.655,60.155,107.179
85,67,30.665,60.155,107.473
85,68,30.675,60.155,108.059
85,69,30.685,60.155,108.817
85,70,30.695,60.155,109.594
85,71,30.705,60.155,110.231
85,72,30.715,60.155,110.601
85,73,30.725,60.155,110.626
85,74,30.735,60.155,110.303
85,75,30.745,60.155,109.697
85,76,30.755,60.155,108.931
85,77,30.765,60.155,108.161
85,78,30.775,60.155,107.543
85,79,30.785,60.155,107.202
85,80,30.795,60.155,107.209
85,81,30.805,60.155,107.561
85,82,30.815,60.155,108.187
85,83,30.825,60.155,108.96
85,84,30.835,60.155,109.724
85,85,30.845,60.155,110.322
85,86,30.855,60.155,110.634
85,87,30.865,60.155,110.596
85,88,30.875,60.155,110.216
85,89,30.885,60.155,109.571
85,90,30.895,60.155,108.793
85,91,30.905,60.155,108.039
85,92,30.915,60.155,107.462
85,93,30.925,60.155,107.18
85,94,30.935,60.155,107.25
85,95,30.945,60.155,107.657
85,96,30.955,60.155,108.32
85,97,30.965,60.155,109.103
85,98,30.975,60.155,109.848
85,99,30.985,60.155,110.403
85,100,30.995,60.155,110.656
86,1,30.005,60.145,109.583
86,2,30.015,60.145,110.195
86,3,30.025,60.145,110.527
86,4,30.035,60.145,110.511
86,5,30.045,60.145,110.151
86,6,30.055,60.145,109.52
86,7,30.065,60.145,108.745
86,8,30.075,60.145,107.984
86,9,30.085,60.145,107.393
86,10,30.095,60.145,107.09
86,11,30.105,60.145,107.138
86,12,30.115,60.145,107.526
86,13,30.125,60.145,108.177
86,14,30.135,60.145,108.957
86,15,30.145,60.145,109.709
86,16,30.155,60.145,110.279
86,17,30.165,60.145,110.553
86,18,30.175,60.145,110.474
86,19,30.185,60.145,110.059
86,20,30.195,60.145,109.391
86,21,30.205,60.145,108.607
86,22,30.215,60.145,107.866
86,23,30.225,60.145,107.318
86,24,30.235,60.145,107.075
86,25,30.245,60.145,107.186
86,26,30.255,60.145,107.628
86,27,30.265,60.145,108.312
86,28,30.275,60.145,109.099
86,29,30.285,60.145,109.83
86,30,30.295,60.145,110.354
86,31,30.305,60.145,110.568
86,32,30.315,60.145,110.426
86,33,30.325,60.145,109.958
86,34,30.335,60.145,109.259
86,35,30.345,60.145,108.471
86,36,30.355,60.145,107.754
86,37,30.365,60.145,107.253
86,38,30.375,60.145,107.071
86,39,30.385,60.145,107.244
86,40,30.395,60.145,107.738
86,41,30.405,60.145,108.451
86,42,30.415,60.145,109.24
86,43,30.425,60.145,109.944
86,44,30.435,60.145,110.42
86,45,30.445,60.145,110.571
86,46,30.455,60.145,110.367
86,47,30.465,60.145,109.85
86,48,30.475,60.145,109.124
86,49,30.485,60.145,108.337
86,50,30.495,60.145,107.648
86,51,30.505,60.145,107.198
86,52,30.515,60.145,107.078
86,53,30.525,60.145,107.313
86,54,30.535,60.145,107.854
86,55,30.545,60.145,108.592
86,56,30.555,60.145,109.378
86,57,30.565,60.145,110.05
86,58,30.575,60.145,110.474
86,59,30.585,60.145,110.563
86,60,30.595,60.145,110.299
86,61,30.605,60.145,109.735
86,62,30.615,60.145,108.987
86,63,30.625,60.145,108.206
86,64,30.635,60.145,107.55
86,65,30.645,60.145,107.154
86,66,30.655,60.145,107.097
86,67,30.665,60.145,107.391
86,68,30.675,60.145,107.977
86,69,30.685,60.145,108.735
86,70,30.695,60.145,109.512
86,71,30.705,60.145,110.149
86,72,30.715,60.145,110.518
86,73,30.725,60.145,110.544
86,74,30.735,60.145,110.221
86,75,30.745,60.145,109.615
86,76,30.755,60.145,108.849
86,77,30.765,60.145,108.079
86,78,30.775,60.145,107.46
86,79,30.785,60.145,107.12
86,80,30.795,60.145,107.127
86,81,30.805,60.145,107.479
86,82,30.815,60.145,108.105
86,83,30.825,60.145,108.878
86,84,30.835,60.145,109.641
86,85,30.845,60.145,110.24
86,86,30.855,60.145,110.552
86,87,30.865,60.145,110.514
86,88,30.875,60.145,110.134
86,89,30.885,60.145,109.489
86,90,30.895,60.145,108.711
86,91,30.905,60.145,107.956
86,92,30.915,60.145,107.38
86,93,30.925,60.145,107.098
86,94,30.935,60.145,107.167
86,95,30.945,60.145,107.575
86,96,30.955,60.145,108.238
86,97,30.965,60.145,109.021
86,98,30.975,60.145,109.766
86,99,30.985,60.145,110.321
86,100,30.995,60.145,110.574
87,1,30.005,60.135,109.39
87,2,30.015,60.135,110.002
87,3,30.025,60.135,110.334
87,4,30.035,60.135,110.319
87,5,30.045,60.135,109.958
87,6,30.055,60.135,109.327
87,7,30.065,60.135,108.552
87,8,30.075,60.135,107.792
87,9,30.085,60.135,107.2
87,10,30.095,60.135,106.897
87,11,30.105,60.135,106.945
87,12,30.115,60.135,107.334
87,13,30.125,60.135,107.984
87,14,30.135,60.135,108.764
87,15,30.145,60.135,109.516
87,16,30.155,60.135,110.087
87,17,30.165,60.135,110.36
87,18,30.175,60.135,110.281
87,19,30.185,60.135,109.866
87,20,30.195,60.135,109.198
87,21,30.205,60.135,108.414
87,22,30.215,60.135,107.673
87,23,30.225,60.135,107.125
87,24,30.235,60.135,106.882
87,25,30.245,60.135,106.993
87,26,30.255,60.135,107.435
87,27,30.265,60.135,108.12
87,28,30.275,60.135,108.907
87,29,30.285,60.135,109.637
87,30,30.295,60.135,110.162
87,31,30.305,60.135,110.375
87,32,30.315,60.135,110.233
87,33,30.325,60.135,109.765
87,34,30.335,60.135,109.066
87,35,30.345,60.135,108.278
87,36,30.355,60.135,107.561
87,37,30.365,60.135,107.06
87,38,30.375,60.135,106.878
87,39,30.385,60.135,107.051
87,40,30.395,60.135,107.545
87,41,30.405,60.135,108.258
87,42,30.415,60.135,109.047
87,43,30.425,60.135,109.751
87,44,30.435,60.135,110.227
87,45,30.445,60.135,110.378
87,46,30.455,60.135,110.175
87,47,30.465,60.135,109.657
87,48,30.475,60.135,108.931
87,49,30.485,60.135,108.144
87,50,30.495,60.135,107.455
87,51,30.505,60.135,107.005
87,52,30.515,60.135,106.885
87,53,30.525,60.135,107.12
87,54,30.535,60.135,107.661
87,55,30.545,60.135,108.4
87,56,30.555,60.135,109.185
87,57,30.565,60.135,109.858
87,58,30.575,60.135,110.282
87,59,30.585,60.135,110.37
87,60,30.595,60.135,110.106
87,61,30.605,60.135,109.543
87,62,30.615,60.135,108.794
87,63,30.625,60.135,108.013
87,64,30.635,60.135,107.357
87,65,30.645,60.135,106.961
87,66,30.655,60.135,106.904
87,67,30.665,60.135,107.198
87,68,30.675,60.135,107.784
87,69,30.685,60.135,108.542
87,70,30.695,60.135,109.319
87,71,30.705,60.135,109.957
87,72,30.715,60.135,110.326
87,73,30.725,60.135,110.351
87,74,30.735,60.135,110.028
87,75,30.745,60.135,109.422
87,76,30.755,60.135,108.656
87,77,30.765,60.135,107.886
87,78,30.775,60.135,107.268
87,79,30.785,60.135,106.927
87,80,30.795,60.135,106.934
87,81,30.805,60.135,107.286
87,82,30.815,60.135,107.912
87,83,30.825,60.135,108.685
87,84,30.835,60.135,109.449
87,85,30.845,60.135,110.047
87,86,30.855,60.135,110.359
87,87,30.865,60.135,110.321
87,88,30.875,60.135,109.941
87,89,30.885,60.135,109.296
87,90,30.895,60.135,108.518
87,91,30.905,60.135,107.764
87,92,30.915,60.135,107.187
87,93,30.925,60.135,106.905
87,94,30.935,60.135,106.975
87,95,30.945,60.135,107.382
87,96,30.955,60.135,108.045
87,97,30.965,60.135,108.828
87,98,30.975,60.135,109.573
87,99,30.985,60.135,110.128
87,100,30.995,60.135,110.381
88,1,30.005,60.125,109.113
88,2,30.015,60.125,109.725
88,3,30.025,60.125,110.057
88,4,30.035,60.125,110.041
88,5,30.045,60.125,109.681
88,6,30.055,60.125,109.05
88,7,30.065,60.125,108.275
88,8,30.075,60.125,107.515
88,9,30.085,60.125,106.923
88,10,30.095,60.125,106.62
88,11,30.105,60.125,106.668
88,12,30.115,60.125,107.056
88,13,30.125,60.125,107.707
88,14,30.135,60.125,108.487
88,15,30.145,60.125,109.239
88,16,30.155,60.125,109.81
88,17,30.165,60.125,110.083
88,18,30.175,60.125,110.004
88,19,30.185,60.125,109.589
88,20,30.195,60.125,108.921
88,21,30.205,60.125,108.137
88,22,30.215,60.125,107.396
88,23,30.225,60.125,106.848
88,24,30.235,60.125,106.605
88,25,30.245,60.125,106.716
88,26,30.255,60.125,107.158
88,27,30.265,60.125,107.842
88,28,30.275,60.125,108.629
88,29,30.285,60.125,109.36
88,30,30.295,60.125,109.885
88,31,30.305,60.125,110.098
88,32,30.315,60.125,109.956
88,33,30.325,60.125,109.488
88,34,30.335,60.125,108.789
88,35,30.345,60.125,108.001
88,36,30.355,60.125,107.284
88,37,30.365,60.125,106.783
88,38,30.375,60.125,106.601
88,39,30.385,60.125,106.774
88,40,30.395,60.125,107.268
88,41,30.405,60.125,107.981
88,42,30.415,60.125,108.77
88,43,30.425,60.125,109.474
88,44,30.435,60.125,109.95
88,45,30.445,60.125,110.101
88,46,30.455,60.125,109.897
88,47,30.465,60.125,109.38
88,48,30.475,60.125,108.654
88,49,30.485,60.125,107.867
88,50,30.495,60.125,107.178
88,51,30.505,60.125,106.728
88,52,30.515,60.125,106.608
88,53,30.525,60.125,106.843
88,54,30.535,60.125,107.384
88,55,30.545,60.125,108.122
88,56,30.555,60.125,108.908
88,57,30.565,60.125,109.58
88,58,30.575,60.125,110.004
88,59,30.585,60.125,110.093
88,60,30.595,60.125,109.829
88,61,30.605,60.125,109.265
88,62,30.615,60.125,108.517
88,63,30.625,60.125,107.736
88,64,30.635,60.125,107.08
88,65,30.645,60.125,106.684
88,66,30.655,60.125,106.627
88,67,30.665,60.125,106.921
88,68,30.675,60.125,107.507
88,69,30.685,60.125,108.265
88,70,30.695,60.125,109.042
88,71,30.705,60.125,109.679
88,72,30.715,60.125,110.048
88,73,30.725,60.125,110.074
88,74,30.735,60.125,109.751
88,75,30.745,60.125,109.145
88,76,30.755,60.125,108.379
88,77,30.765,60.125,107.609
88,78,30.775,60.125,106.99
88,79,30.785,60.125,106.65
88,80,30.795,60.125,106.657
88,81,30.805,60.125,107.009
88,82,30.815,60.125,107.635
88,83,30.825,60.125,108.408
88,84,30.835,60.125,109.171
88,85,30.845,60.125,109.77
88,86,30.855,60.125,110.082
88,87,30.865,60.125,110.044
88,88,30.875,60.125,109.664
88,89,30.885,60.125,109.019
88,90,30.895,60.125,108.241
88,91,30.905,60.125,107.486
88,92,30.915,60.125,106.91
88,93,30.925,60.125,106.628
88,94,30.935,60.125,106.697
88,95,30.945,60.125,107.105
88,96,30.955,60.125,107.768
88,97,30.965,60.125,108.551
88,98,30.975,60.125,109.296
88,99,30.985,60.125,109.851
88,100,30.995,60.125,110.104
89,1,30.005,60.115,108.788
89,2,30.015,60.115,109.401
89,3,30.025,60.115,109.733
89,4,30.035,60.115,109.717
89,5,30.045,60.115,109.357
89,6,30.055,60.115,108.725
89,7,30.065,60.115,107.951
89,8,30.075,60.115,107.19
89,9,30.085,60.115,106.599
89,10,30.095,60.115,106.296
89,11,30.105,60.115,106.344
89,12,30.115,60.115,106.732
89,13,30.125,60.115,107.383
89,14,30.135,60.115,108.163
89,15,30.145,60.115,108.915
89,16,30.155,60.115,109.485
89,17,30.165,60.115,109.759
89,18,30.175,60.115,109.68
89,19,30.185,60.115,109.264
89,20,30.195,60.115,108.597
89,21,30.205,60.115,107.813
89,22,30.215,60.115,107.072
89,23,30.225,60.115,106.524
89,24,30.235,60.115,106.281
89,25,30.245,60.115,106.392
89,26,30.255,60.115,106.834
89,27,30.265,60.115,107.518
89,28,30.275,60.115,108.305
89,29,30.285,60.115,109.035
89,30,30.295,60.115,109.56
89,31,30.305,60.115,109.774
89,32,30.315,60.115,109.632
89,33,30.325,60.115,109.164
89,34,30.335,60.115,108.465
89,35,30.345,60.115,107.677
89,36,30.355,60.115,106.959
89,37,30.365,60.115,106.459
89,38,30.375,60.115,106.277
89,39,30.385,60.115,106.45
89,40,30.395,60.115,106.943
89,41,30.405,60.115,107.657
89,42,30.415,60.115,108.446
89,43,30.425,60.115,109.15
89,44,30.435,60.115,109.625
89,45,30.445,60.115,109.777
89,46,30.455,60.115,109.573
89,47,30.465,60.115,109.056
89,48,30.475,60.115,108.33
89,49,30.485,60.115,107.542
89,50,30.495,60.115,106.854
89,51,30.505,60.115,106.404
89,52,30.515,60.115,106.284
89,53,30.525,60.115,106.519
89,54,30.535,60.115,107.06
89,55,30.545,60.115,107.798
89,56,30.555,60.115,108.583
89,57,30.565,60.115,109.256
89,58,30.575,60.115,109.68
89,59,30.585,60.115,109.769
89,60,30.595,60.115,109.505
89,61,30.605,60.115,108.941
89,62,30.615,60.115,108.193
89,63,30.625,60.115,107.411
89,64,30.635,60.115,106.756
89,65,30.645,60.115,106.36
89,66,30.655,60.115,106.303
89,67,30.665,60.115,106.597
89,68,30.675,60.115,107.183
89,69,30.685,60.115,107.941
89,70,30.695,60.115,108.718
89,71,30.705,60.115,109.355
89,72,30.715,60.115,109.724
89,73,30.725,60.115,109.75
89,74,30.735,60.115,109.427
89,75,30.745,60.115,108.821
89,76,30.755,60.115,108.055
89,77,30.765,60.115,107.284
89,78,30.775,60.115,106.666
89,79,30.785,60.115,106.326
89,80,30.795,60.115,106.333
89,81,30.805,60.115,106.685
89,82,30.815,60.115,107.311
89,83,30.825,60.115,108.084
89,84,30.835,60.115,108.847
89,85,30.845,60.115,109.446
89,86,30.855,60.115,109.757
89,87,30.865,60.115,109.72
89,88,30.875,60.115,109.34
89,89,30.885,60.115,108.695
89,90,30.895,60.115,107.917
89,91,30.905,60.115,107.162
89,92,30.915,60.115,106.586
89,93,30.925,60.115,106.303
89,94,30.935,60.115,106.373
89,95,30.945,60.115,106.781
89,96,30.955,60.115,107.444
89,97,30.965,60.115,108.227
89,98,30.975,60.115,108.972
89,99,30.985,60.115,109.527
89,100,30.995,60.115,109.779
90,1,30.005,60.105,108.461
90,2,30.015,60.105,109.074
90,3,30.025,60.105,109.406
90,4,30.035,60.105,109.39
90,5,30.045,60.105,109.03
90,6,30.055,60.105,108.398
90,7,30.065,60.105,107.624
90,8,30.075,60.105,106.863
90,9,30.085,60.105,106.272
90,10,30.095,60.105,105.969
90,11,30.105,60.105,106.017
90,12,30.115,60.105,106.405
90,13,30.125,60.105,107.056
90,14,30.135,60.105,107.836
90,15,30.145,60.105,108.588
90,16,30.155,60.105,109.158
90,17,30.165,60.105,109.432
90,18,30.175,60.105,109.353
90,19,30.185,60.105,108.937
90,20,30.195,60.105,108.27
90,21,30.205,60.105,107.486
90,22,30.215,60.105,106.745
90,23,30.225,60.105,106.197
90,24,30.235,60.105,105.954
90,25,30.245,60.105,106.065
90,26,30.255,60.105,106.507
90,27,30.265,60.105,107.191
90,28,30.275,60.105,107.978
90,29,30.285,60.105,108.708
90,30,30.295,60.105,109.233
90,31,30.305,60.105,109.447
90,32,30.315,60.105,109.305
90,33,30.325,60.105,108.837
90,34,30.335,60.105,108.138
90,35,30.345,60.105,107.35
90,36,30.355,60.105,106.632
90,37,30.365,60.105,106.132
90,38,30.375,60.105,105.95
90,39,30.385,60.105,106.123
90,40,30.395,60.105,106.616
90,41,30.405,60.105,107.33
90,42,30.415,60.105,108.119
90,43,30.425,60.105,108.823
90,44,30.435,60.105,109.298
90,45,30.445,60.105,109.45
90,46,30.455,60.105,109.246
90,47,30.465,60.105,108.729
90,48,30.475,60.105,108.003
90,49,30.485,60.105,107.215
90,50,30.495,60.105,106.527
90,51,30.505,60.105,106.077
90,52,30.515,60.105,105.957
90,53,30.525,60.105,106.192
90,54,30.535,60.105,106.733
90,55,30.545,60.105,107.471
90,56,30.555,60.105,108.256
90,57,30.565,60.105,108.929
90,58,30.575,60.105,109.353
90,59,30.585,60.105,109.442
90,60,30.595,60.105,109.178
90,61,30.605,60.105,108.614
90,62,30.615,60.105,107.866
90,63,30.625,60.105,107.084
90,64,30.635,60.105,106.429
90,65,30.645,60.105,106.033
90,66,30.655,60.105,105.976
90,67,30.665,60.105,106.27
90,68,30.675,60.105,106.856
90,69,30.685,60.105,107.614
90,70,30.695,60.105,108.391
90,71,30.705,60.105,109.028
90,72,30.715,60.105,109.397
90,73,30.725,60.105,109.423
90,74,30.735,60.105,109.1
90,75,30.745,60.105,108.494
90,76,30.755,60.105,107.728
90,77,30.765,60.105,106.957
90,78,30.775,60.105,106.339
90,79,30.785,60.105,105.999
90,80,30.795,60.105,106.006
90,81,30.805,60.105,106.358
90,82,30.815,60.105,106.984
90,83,30.825,60.105,107.757
90,84,30.835,60.105,108.52
90,85,30.845,60.105,109.119
90,86,30.855,60.105,109.43
90,87,30.865,60.105,109.393
90,88,30.875,60.105,109.013
90,89,30.885,60.105,108.368
90,90,30.895,60.105,107.59
90,91,30.905,60.105,106.835
90,92,30.915,60.105,106.259
90,93,30.925,60.105,105.976
90,94,30.935,60.105,106.046
90,95,30.945,60.105,106.454
90,96,30.955,60.105,107.117
90,97,30.965,60.105,107.9
90,98,30.975,60.105,108.645
90,99,30.985,60.105,109.2
90,100,30.995,60.105,109.452
91,1,30.005,60.095,108.176
91,2,30.015,60.095,108.788
91,3,30.025,60.095,109.12
91,4,30.035,60.095,109.105
91,5,30.045,60.095,108.745
91,6,30.055,60.095,108.113
91,7,30.065,60.095,107.338
91,8,30.075,60.095,106.578
91,9,30.085,60.095,105.986
91,10,30.095,60.095,105.683
91,11,30.105,60.095,105.731
91,12,30.115,60.095,106.12
91,13,30.125,60.095,106.77
91,14,30.135,60.095,107.551
91,15,30.145,60.095,108.302
91,16,30.155,60.095,108.873
91,17,30.165,60.095,109.146
91,18,30.175,60.095,109.067
91,19,30.185,60.095,108.652
91,20,30.195,60.095,107.984
91,21,30.205,60.095,107.2
91,22,30.215,60.095,106.459
91,23,30.225,60.095,105.911
91,24,30.235,60.095,105.668
91,25,30.245,60.095,105.779
91,26,30.255,60.095,106.222
91,27,30.265,60.095,106.906
91,28,30.275,60.095,107.693
91,29,30.285,60.095,108.423
91,30,30.295,60.095,108.948
91,31,30.305,60.095,109.161
91,32,30.315,60.095,109.019
91,33,30.325,60.095,108.551
91,34,30.335,60.095,107.852
91,35,30.345,60.095,107.064
91,36,30.355,60.095,106.347
91,37,30.365,60.095,105.846
91,38,30.375,60.095,105.664
91,39,30.385,60.095,105.837
91,40,30.395,60.095,106.331
91,41,30.405,60.095,107.044
91,42,30.415,60.095,107.833
91,43,30.425,60.095,108.537
91,44,30.435,60.095,109.013
91,45,30.445,60.095,109.164
91,46,30.455,60.095,108.961
91,47,30.465,60.095,108.443
91,48,30.475,60.095,107.717
91,49,30.485,60.095,106.93
91,50,30.495,60.095,106.241
91,51,30.505,60.095,105.791
91,52,30.515,60.095,105.672
91,53,30.525,60.095,105.906
91,54,30.535,60.095,106.447
91,55,30.545,60.095,107.186
91,56,30.555,60.095,107.971
91,57,30.565,60.095,108.644
91,58,30.575,60.095,109.068
91,59,30.585,60.095,109.157
91,60,30.595,60.095,108.892
91,61,30.605,60.095,108.329
91,62,30.615,60.095,107.58
91,63,30.625,60.095,106.799
91,64,30.635,60.095,106.143
91,65,30.645,60.095,105.747
91,66,30.655,60.095,105.69
91,67,30.665,60.095,105.984
91,68,30.675,60.095,106.57
91,69,30.685,60.095,107.328
91,70,30.695,60.095,108.105
91,71,30.705,60.095,108.743
91,72,30.715,60.095,109.112
91,73,30.725,60.095,109.137
91,74,30.735,60.095,108.814
91,75,30.745,60.095,108.208
91,76,30.755,60.095,107.442
91,77,30.765,60.095,106.672
91,78,30.775,60.095,106.054
91,79,30.785,60.095,105.713
91,80,30.795,60.095,105.72
91,81,30.805,60.095,106.072
91,82,30.815,60.095,106.698
91,83,30.825,60.095,107.472
91,84,30.835,60.095,108.235
91,85,30.845,60.095,108.833
91,86,30.855,60.095,109.145
91,87,30.865,60.095,109.107
91,88,30.875,60.095,108.727
91,89,30.885,60.095,108.082
91,90,30.895,60.095,107.304
91,91,30.905,60.095,106.55
91,92,30.915,60.095,105.973
91,93,30.925,60.095,105.691
91,94,30.935,60.095,105.761
91,95,30.945,60.095,106.169
91,96,30.955,60.095,106.831
91,97,30.965,60.095,107.615
91,98,30.975,60.095,108.359
91,99,30.985,60.095,108.914
91,100,30.995,60.095,109.167
92,1,30.005,60.085,107.971
92,2,30.015,60.085,108.583
92,3,30.025,60.085,108.915
92,4,30.035,60.085,108.899
92,5,30.045,60.085,108.539
92,6,30.055,60.085,107.908
92,7,30.065,60.085,107.133
92,8,30.075,60.085,106.373
92,9,30.085,60.085,105.781
92,10,30.095,60.085,105.478
92,11,30.105,60.085,105.526
92,12,30.115,60.085,105.914
92,13,30.125,60.085,106.565
92,14,30.135,60.085,107.345
92,15,30.145,60.085,108.097
92,16,30.155,60.085,108.668
92,17,30.165,60.085,108.941
92,18,30.175,60.085,108.862
92,19,30.185,60.085,108.447
92,20,30.195,60.085,107.779
92,21,30.205,60.085,106.995
92,22,30.215,60.085,106.254
92,23,30.225,60.085,105.706
92,24,30.235,60.085,105.463
92,25,30.245,60.085,105.574
92,26,30.255,60.085,106.016
92,27,30.265,60.085,106.7
92,28,30.275,60.085,107.487
92,29,30.285,60.085,108.218
92,30,30.295,60.085,108.743
92,31,30.305,60.085,108.956
92,32,30.315,60.085,108.814
92,33,30.325,60.085,108.346
92,34,30.335,60.085,107.647
92,35,30.345,60.085,106.859
92,36,30.355,60.085,106.142
92,37,30.365,60.085,105.641
92,38,30.375,60.085,105.459
92,39,30.385,60.085,105.632
92,40,30.395,60.085,106.126
92,41,30.405,60.085,106.839
92,42,30.415,60.085,107.628
92,43,30.425,60.085,108.332
92,44,30.435,60.085,108.808
92,45,30.445,60.085,108.959
92,46,30.455,60.085,108.755
92,47,30.465,60.085,108.238
92,48,30.475,60.085,107.512
92,49,30.485,60.085,106.725
92,50,30.495,60.085,106.036
92,51,30.505,60.085,105.586
92,52,30.515,60.085,105.466
92,53,30.525,60.085,105.701
92,54,30.535,60.085,106.242
92,55,30.545,60.085,106.98
92,56,30.555,60.085,107.766
92,57,30.565,60.085,108.438
92,58,30.575,60.085,108.862
92,59,30.585,60.085,108.951
92,60,30.595,60.085,108.687
92,61,30.605,60.085,108.123
92,62,30.615,60.085,107.375
92,63,30.625,60.085,106.594
92,64,30.635,60.085,105.938
92,65,30.645,60.085,105.542
92,66,30.655,60.085,105.485
92,67,30.665,60.085,105.779
92,68,30.675,60.085,106.365
92,69,30.685,60.085,107.123
92,70,30.695,60.085,107.9
92,71,30.705,60.085,108.537
92,72,30.715,60.085,108.906
92,73,30.725,60.085,108.932
92,74,30.735,60.085,108.609
92,75,30.745,60.085,108.003
92,76,30.755,60.085,107.237
92,77,30.765,60.085,106.467
92,78,30.775,60.085,105.848
92,79,30.785,60.085,105.508
92,80,30.795,60.085,105.515
92,81,30.805,60.085,105.867
92,82,30.815,60.085,106.493
92,83,30.825,60.085,107.266
92,84,30.835,60.085,108.029
92,85,30.845,60.085,108.628
92,86,30.855,60.085,108.94
92,87,30.865,60.085,108.902
92,88,30.875,60.085,108.522
92,89,30.885,60.085,107.877
92,90,30.895,60.085,107.099
92,91,30.905,60.085,106.344
92,92,30.915,60.085,105.768
92,93,30.925,60.085,105.486
92,94,30.935,60.085,105.555
92,95,30.945,60.085,105.963
92,96,30.955,60.085,106.626
92,97,30.965,60.085,107.409
92,98,30.975,60.085,108.154
92,99,30.985,60.085,108.709
92,100,30.995,60.085,108.962
93,1,30.005,60.075,107.873
93,2,30.015,60.075,108.486
93,3,30.025,60.075,108.818
93,4,30.035,60.075,108.802
93,5,30.045,60.075,108.442
93,6,30.055,60.075,107.81
93,7,30.065,60.075,107.036
93,8,30.075,60.075,106.275
93,9,30.085,60.075,105.684
93,10,30.095,60.075,105.381
93,11,30.105,60.075,105.429
93,12,30.115,60.075,105.817
93,13,30.125,60.075,106.468
93,14,30.135,60.075,107.248
93,15,30.145,60.075,108.0
93,16,30.155,60.075,108.57
93,17,30.165,60.075,108.844
93,18,30.175,60.075,108.765
93,19,30.185,60.075,108.349
93,20,30.195,60.075,107.682
93,21,30.205,60.075,106.898
93,22,30.215,60.075,106.157
93,23,30.225,60.075,105.609
93,24,30.235,60.075,105.366
93,25,30.245,60.075,105.476
93,26,30.255,60.075,105.919
93,27,30.265,60.075,106.603
93,28,30.275,60.075,107.39
93,29,30.285,60.075,108.12
93,30,30.295,60.075,108.645
93,31,30.305,60.075,108.858
93,32,30.315,60.075,108.717
93,33,30.325,60.075,108.249
93,34,30.335,60.075,107.55
93,35,30.345,60.075,106.761
93,36,30.355,60.075,106.044
93,37,30.365,60.075,105.544
93,38,30.375,60.075,105.362
93,39,30.385,60.075,105.535
93,40,30.395,60.075,106.028
93,41,30.405,60.075,106.742
93,42,30.415,60.075,107.531
93,43,30.425,60.075,108.234
93,44,30.435,60.075,108.71
93,45,30.445,60.075,108.862
93,46,30.455,60.075,108.658
93,47,30.465,60.075,108.141
93,48,30.475,60.075,107.415
93,49,30.485,60.075,106.627
93,50,30.495,60.075,105.939
93,51,30.505,60.075,105.489
93,52,30.515,60.075,105.369
93,53,30.525,60.075,105.603
93,54,30.535,60.075,106.145
93,55,30.545,60.075,106.883
93,56,30.555,60.075,107.668
93,57,30.565,60.075,108.341
93,58,30.575,60.075,108.765
93,59,30.585,60.075,108.854
93,60,30.595,60.075,108.59
93,61,30.605,60.075,108.026
93,62,30.615,60.075,107.278
93,63,30.625,60.075,106.496
93,64,30.635,60.075,105.841
93,65,30.645,60.075,105.444
93,66,30.655,60.075,105.388
93,67,30.665,60.075,105.682
93,68,30.675,60.075,106.268
93,69,30.685,60.075,107.026
93,70,30.695,60.075,107.802
93,71,30.705,60.075,108.44
93,72,30.715,60.075,108.809
93,73,30.725,60.075,108.835
93,74,30.735,60.075,108.512
93,75,30.745,60.075,107.906
93,76,30.755,60.075,107.14
93,77,30.765,60.075,106.369
93,78,30.775,60.075,105.751
93,79,30.785,60.075,105.411
93,80,30.795,60.075,105.417
93,81,30.805,60.075,105.77
93,82,30.815,60.075,106.396
93,83,30.825,60.075,107.169
93,84,30.835,60.075,107.932
93,85,30.845,60.075,108.53
93,86,30.855,60.075,108.842
93,87,30.865,60.075,108.804
93,88,30.875,60.075,108.425
93,89,30.885,60.075,107.78
93,90,30.895,60.075,107.001
93,91,30.905,60.075,106.247
93,92,30.915,60.075,105.67
93,93,30.925,60.075,105.388
93,94,30.935,60.075,105.458
93,95,30.945,60.075,105.866
93,96,30.955,60.075,106.529
93,97,30.965,60.075,107.312
93,98,30.975,60.075,108.057
93,99,30.985,60.075,108.612
93,100,30.995,60.075,108.864
94,1,30.005,60.065,107.897
94,2,30.015,60.065,108.51
94,3,30.025,60.065,108.842
94,4,30.035,60.065,108.826
94,5,30.045,60.065,108.466
94,6,30.055,60.065,107.834
94,7,30.065,60.065,107.06
94,8,30.075,60.065,106.299
94,9,30.085,60.065,105.708
94,10,30.095,60.065,105.405
94,11,30.105,60.065,105.453
94,12,30.115,60.065,105.841
94,13,30.125,60.065,106.492
94,14,30.135,60.065,107.272
94,15,30.145,60.065,108.024
94,16,30.155,60.065,108.594
94,17,30.165,60.065,108.868
94,18,30.175,60.065,108.789
94,19,30.185,60.065,108.373
94,20,30.195,60.065,107.706
94,21,30.205,60.065,106.922
94,22,30.215,60.065,106.181
94,23,30.225,60.065,105.633
94,24,30.235,60.065,105.39
94,25,30.245,60.065,105.5
94,26,30.255,60.065,105.943
94,27,30.265,60.065,106.627
94,28,30.275,60.065,107.414
94,29,30.285,60.065,108.144
94,30,30.295,60.065,108.669
94,31,30.305,60.065,108.882
94,32,30.315,60.065,108.741
94,33,30.325,60.065,108.273
94,34,30.335,60.065,107.574
94,35,30.345,60.065,106.785
94,36,30.355,60.065,106.068
94,37,30.365,60.065,105.568
94,38,30.375,60.065,105.386
94,39,30.385,60.065,105.559
94,40,30.395,60.065,106.052
94,41,30.405,60.065,106.766
94,42,30.415,60.065,107.555
94,43,30.425,60.065,108.258
94,44,30.435,60.065,108.734
94,45,30.445,60.065,108.886
94,46,30.455,60.065,108.682
94,47,30.465,60.065,108.165
94,48,30.475,60.065,107.439
94,49,30.485,60.065,106.651
94,50,30.495,60.065,105.963
94,51,30.505,60.065,105.513
94,52,30.515,60.065,105.393
94,53,30.525,60.065,105.627
94,54,30.535,60.065,106.169
94,55,30.545,60.065,106.907
94,56,30.555,60.065,107.692
94,57,30.565,60.065,108.365
94,58,30.575,60.065,108.789
94,59,30.585,60.065,108.878
94,60,30.595,60.065,108.614
94,61,30.605,60.065,108.05
94,62,30.615,60.065,107.302
94,63,30.625,60.065,106.52
94,64,30.635,60.065,105.865
94,65,30.645,60.065,105.468
94,66,30.655,60.065,105.412
94,67,30.665,60.065,105.706
94,68,30.675,60.065,106.292
94,69,30.685,60.065,107.05
94,70,30.695,60.065,107.826
94,71,30.705,60.065,108.464
94,72,30.715,60.065,108.833
94,73,30.725,60.065,108.859
94,74,30.735,60.065,108.536
94,75,30.745,60.065,107.93
94,76,30.755,60.065,107.164
94,77,30.765,60.065,106.393
94,78,30.775,60.065,105.775
94,79,30.785,60.065,105.435
94,80,30.795,60.065,105.441
94,81,30.805,60.065,105.794
94,82,30.815,60.065,106.42
94,83,30.825,60.065,107.193
94,84,30.835,60.065,107.956
94,85,30.845,60.065,108.554
94,86,30.855,60.065,108.866
94,87,30.865,60.065,108.828
94,88,30.875,60.065,108.449
94,89,30.885,60.065,107.804
94,90,30.895,60.065,107.025
94,91,30.905,60.065,106.271
94,92,30.915,60.065,105.694
94,93,30.925,60.065,105.412
94,94,30.935,60.065,105.482
94,95,30.945,60.065,105.89
94,96,30.955,60.065,106.553
94,97,30.965,60.065,107.336
94,98,30.975,60.065,108.081
94,99,30.985,60.065,108.636
94,100,30.995,60.065,108.888
95,1,30.005,60.055,108.039
95,2,30.015,60.055,108.652
95,3,30.025,60.055,108.984
95,4,30.035,60.055,108.968
95,5,30.045,60.055,108.608
95,6,30.055,60.055,107.976
95,7,30.065,60.055,107.202
95,8,30.075,60.055,106.441
95,9,30.085,60.055,105.85
95,10,30.095,60.055,105.547
95,11,30.105,60.055,105.595
95,12,30.115,60.055,105.983
95,13,30.125,60.055,106.634
95,14,30.135,60.055,107.414
95,15,30.145,60.055,108.166
95,16,30.155,60.055,108.736
95,17,30.165,60.055,109.01
95,18,30.175,60.055,108.931
95,19,30.185,60.055,108.515
95,20,30.195,60.055,107.848
95,21,30.205,60.055,107.064
95,22,30.215,60.055,106.323
95,23,30.225,60.055,105.775
95,24,30.235,60.055,105.532
95,25,30.245,60.055,105.642
95,26,30.255,60.055,106.085
95,27,30.265,60.055,106.769
95,28,30.275,60.055,107.556
95,29,30.285,60.055,108.286
95,30,30.295,60.055,108.811
95,31,30.305,60.055,109.024
95,32,30.315,60.055,108.883
95,33,30.325,60.055,108.415
95,34,30.335,60.055,107.716
95,35,30.345,60.055,106.927
95,36,30.355,60.055,106.21
95,37,30.365,60.055,105.71
95,38,30.375,60.055,105.528
95,39,30.385,60.055,105.701
95,40,30.395,60.055,106.194
95,41,30.405,60.055,106.908
95,42,30.415,60.055,107.697
95,43,30.425,60.055,108.4
95,44,30.435,60.055,108.876
95,45,30.445,60.055,109.028
95,46,30.455,60.055,108.824
95,47,30.465,60.055,108.307
95,48,30.475,60.055,107.581
95,49,30.485,60.055,106.793
95,50,30.495,60.055,106.105
95,51,30.505,60.055,105.655
95,52,30.515,60.055,105.535
95,53,30.525,60.055,105.77
95,54,30.535,60.055,106.311
95,55,30.545,60.055,107.049
95,56,30.555,60.055,107.834
95,57,30.565,60.055,108.507
95,58,30.575,60.055,108.931
95,59,30.585,60.055,109.02
95,60,30.595,60.055,108.756
95,61,30.605,60.055,108.192
95,62,30.615,60.055,107.444
95,63,30.625,60.055,106.662
95,64,30.635,60.055,106.007
95,65,30.645,60.055,105.61
95,66,30.655,60.055,105.554
95,67,30.665,60.055,105.848
95,68,30.675,60.055,106.434
95,69,30.685,60.055,107.192
95,70,30.695,60.055,107.969
95,71,30.705,60.055,108.606
95,72,30.715,60.055,108.975
95,73,30.725,60.055,109.001
95,74,30.735,60.055,108.678
95,75,30.745,60.055,108.072
95,76,30.755,60.055,107.306
95,77,30.765,60.055,106.535
95,78,30.775,60.055,105.917
95,79,30.785,60.055,105.577
95,80,30.795,60.055,105.583
95,81,30.805,60.055,105.936
95,82,30.815,60.055,106.562
95,83,30.825,60.055,107.335
95,84,30.835,60.055,108.098
95,85,30.845,60.055,108.696
95,86,30.855,60.055,109.008
95,87,30.865,60.055,108.97
95,88,30.875,60.055,108.591
95,89,30.885,60.055,107.946
95,90,30.895,60.055,107.167
95,91,30.905,60.055,106.413
95,92,30.915,60.055,105.836
95,93,30.925,60.055,105.554
95,94,30.935,60.055,105.624
95,95,30.945,60.055,106.032
95,96,30.955,60.055,106.695
95,97,30.965,60.055,107.478
95,98,30.975,60.055,108.223
95,99,30.985,60.055,108.778
95,100,30.995,60.055,109.03
96,1,30.005,60.045,108.28
96,2,30.015,60.045,108.893
96,3,30.025,60.045,109.225
96,4,30.035,60.045,109.209
96,5,30.045,60.045,108.849
96,6,30.055,60.045,108.217
96,7,30.065,60.045,107.442
96,8,30.075,60.045,106.682
96,9,30.085,60.045,106.09
96,10,30.095,60.045,105.788
96,11,30.105,60.045,105.835
96,12,30.115,60.045,106.224
96,13,30.125,60.045,106.874
96,14,30.135,60.045,107.655
96,15,30.145,60.045,108.407
96,16,30.155,60.045,108.977
96,17,30.165,60.045,109.251
96,18,30.175,60.045,109.172
96,19,30.185,60.045,108.756
96,20,30.195,60.045,108.089
96,21,30.205,60.045,107.305
96,22,30.215,60.045,106.564
96,23,30.225,60.045,106.016
96,24,30.235,60.045,105.772
96,25,30.245,60.045,105.883
96,26,30.255,60.045,106.326
96,27,30.265,60.045,107.01
96,28,30.275,60.045,107.797
96,29,30.285,60.045,108.527
96,30,30.295,60.045,109.052
96,31,30.305,60.045,109.265
96,32,30.315,60.045,109.124
96,33,30.325,60.045,108.656
96,34,30.335,60.045,107.956
96,35,30.345,60.045,107.168
96,36,30.355,60.045,106.451
96,37,30.365,60.045,105.951
96,38,30.375,60.045,105.768
96,39,30.385,60.045,105.942
96,40,30.395,60.045,106.435
96,41,30.405,60.045,107.149
96,42,30.415,60.045,107.937
96,43,30.425,60.045,108.641
96,44,30.435,60.045,109.117
96,45,30.445,60.045,109.269
96,46,30.455,60.045,109.065
96,47,30.465,60.045,108.548
96,48,30.475,60.045,107.821
96,49,30.485,60.045,107.034
96,50,30.495,60.045,106.346
96,51,30.505,60.045,105.896
96,52,30.515,60.045,105.776
96,53,30.525,60.045,106.01
96,54,30.535,60.045,106.552
96,55,30.545,60.045,107.29
96,56,30.555,60.045,108.075
96,57,30.565,60.045,108.748
96,58,30.575,60.045,109.172
96,59,30.585,60.045,109.261
96,60,30.595,60.045,108.997
96,61,30.605,60.045,108.433
96,62,30.615,60.045,107.684
96,63,30.625,60.045,106.903
96,64,30.635,60.045,106.248
96,65,30.645,60.045,105.851
96,66,30.655,60.045,105.794
96,67,30.665,60.045,106.089
96,68,30.675,60.045,106.674
96,69,30.685,60.045,107.433
96,70,30.695,60.045,108.209
96,71,30.705,60.045,108.847
96,72,30.715,60.045,109.216
96,73,30.725,60.045,109.242
96,74,30.735,60.045,108.918
96,75,30.745,60.045,108.312
96,76,30.755,60.045,107.546
96,77,30.765,60.045,106.776
96,78,30.775,60.045,106.158
96,79,30.785,60.045,105.818
96,80,30.795,60.045,105.824
96,81,30.805,60.045,106.176
96,82,30.815,60.045,106.803
96,83,30.825,60.045,107.576
96,84,30.835,60.045,108.339
96,85,30.845,60.045,108.937
96,86,30.855,60.045,109.249
96,87,30.865,60.045,109.211
96,88,30.875,60.045,108.831
96,89,30.885,60.045,108.187
96,90,30.895,60.045,107.408
96,91,30.905,60.045,106.654
96,92,30.915,60.045,106.077
96,93,30.925,60.045,105.795
96,94,30.935,60.045,105.865
96,95,30.945,60.045,106.273
96,96,30.955,60.045,106.936
96,97,30.965,60.045,107.719
96,98,30.975,60.045,108.464
96,99,30.985,60.045,109.019
96,100,30.995,60.045,109.271
97,1,30.005,60.035,108.587
97,2,30.015,60.035,109.2
97,3,30.025,60.035,109.532
97,4,30.035,60.035,109.516
97,5,30.045,60.035,109.156
97,6,30.055,60.035,108.524
97,7,30.065,60.035,107.749
97,8,30.075,60.035,106.989
97,9,30.085,60.035,106.397
97,10,30.095,60.035,106.095
97,11,30.105,60.035,106.142
97,12,30.115,60.035,106.531
97,13,30.125,60.035,107.181
97,14,30.135,60.035,107.962
97,15,30.145,60.035,108.713
97,16,30.155,60.035,109.284
97,17,30.165,60.035,109.558
97,18,30.175,60.035,109.479
97,19,30.185,60.035,109.063
97,20,30.195,60.035,108.396
97,21,30.205,60.035,107.612
97,22,30.215,60.035,106.871
97,23,30.225,60.035,106.323
97,24,30.235,60.035,106.079
97,25,30.245,60.035,106.19
97,26,30.255,60.035,106.633
97,27,30.265,60.035,107.317
97,28,30.275,60.035,108.104
97,29,30.285,60.035,108.834
97,30,30.295,60.035,109.359
97,31,30.305,60.035,109.572
97,32,30.315,60.035,109.43
97,33,30.325,60.035,108.963
97,34,30.335,60.035,108.263
97,35,30.345,60.035,107.475
97,36,30.355,60.035,106.758
97,37,30.365,60.035,106.258
97,38,30.375,60.035,106.075
97,39,30.385,60.035,106.249
97,40,30.395,60.035,106.742
97,41,30.405,60.035,107.456
97,42,30.415,60.035,108.244
97,43,30.425,60.035,108.948
97,44,30.435,60.035,109.424
97,45,30.445,60.035,109.576
97,46,30.455,60.035,109.372
97,47,30.465,60.035,108.855
97,48,30.475,60.035,108.128
97,49,30.485,60.035,107.341
97,50,30.495,60.035,106.653
97,51,30.505,60.035,106.203
97,52,30.515,60.035,106.083
97,53,30.525,60.035,106.317
97,54,30.535,60.035,106.859
97,55,30.545,60.035,107.597
97,56,30.555,60.035,108.382
97,57,30.565,60.035,109.055
97,58,30.575,60.035,109.479
97,59,30.585,60.035,109.568
97,60,30.595,60.035,109.303
97,61,30.605,60.035,108.74
97,62,30.615,60.035,107.991
97,63,30.625,60.035,107.21
97,64,30.635,60.035,106.555
97,65,30.645,60.035,106.158
97,66,30.655,60.035,106.101
97,67,30.665,60.035,106.396
97,68,30.675,60.035,106.981
97,69,30.685,60.035,107.74
97,70,30.695,60.035,108.516
97,71,30.705,60.035,109.154
97,72,30.715,60.035,109.523
97,73,30.725,60.035,109.549
97,74,30.735,60.035,109.225
97,75,30.745,60.035,108.619
97,76,30.755,60.035,107.853
97,77,30.765,60.035,107.083
97,78,30.775,60.035,106.465
97,79,30.785,60.035,106.125
97,80,30.795,60.035,106.131
97,81,30.805,60.035,106.483
97,82,30.815,60.035,107.11
97,83,30.825,60.035,107.883
97,84,30.835,60.035,108.646
97,85,30.845,60.035,109.244
97,86,30.855,60.035,109.556
97,87,30.865,60.035,109.518
97,88,30.875,60.035,109.138
97,89,30.885,60.035,108.494
97,90,30.895,60.035,107.715
97,91,30.905,60.035,106.961
97,92,30.915,60.035,106.384
97,93,30.925,60.035,106.102
97,94,30.935,60.035,106.172
97,95,30.945,60.035,106.58
97,96,30.955,60.035,107.242
97,97,30.965,60.035,108.026
97,98,30.975,60.035,108.77
97,99,30.985,60.035,109.325
97,100,30.995,60.035,109.578
98,1,30.005,60.025,108.919
98,2,30.015,60.025,109.531
98,3,30.025,60.025,109.863
98,4,30.035,60.025,109.848
98,5,30.045,60.025,109.487
98,6,30.055,60.025,108.856
98,7,30.065,60.025,108.081
98,8,30.075,60.025,107.321
98,9,30.085,60.025,106.729
98,10,30.095,60.025,106.426
98,11,30.105,60.025,106.474
98,12,30.115,60.025,106.862
98,13,30.125,60.025,107.513
98,14,30.135,60.025,108.293
98,15,30.145,60.025,109.045
98,16,30.155,60.025,109.616
98,17,30.165,60.025,109.889
98,18,30.175,60.025,109.81
98,19,30.185,60.025,109.395
98,20,30.195,60.025,108.727
98,21,30.205,60.025,107.943
98,22,30.215,60.025,107.202
98,23,30.225,60.025,106.654
98,24,30.235,60.025,106.411
98,25,30.245,60.025,106.522
98,26,30.255,60.025,106.964
98,27,30.265,60.025,107.648
98,28,30.275,60.025,108.435
98,29,30.285,60.025,109.166
98,30,30.295,60.025,109.691
98,31,30.305,60.025,109.904
98,32,30.315,60.025,109.762
98,33,30.325,60.025,109.294
98,34,30.335,60.025,108.595
98,35,30.345,60.025,107.807
98,36,30.355,60.025,107.09
98,37,30.365,60.025,106.589
98,38,30.375,60.025,106.407
98,39,30.385,60.025,106.58
98,40,30.395,60.025,107.074
98,41,30.405,60.025,107.787
98,42,30.415,60.025,108.576
98,43,30.425,60.025,109.28
98,44,30.435,60.025,109.756
98,45,30.445,60.025,109.907
98,46,30.455,60.025,109.703
98,47,30.465,60.025,109.186
98,48,30.475,60.025,108.46
98,49,30.485,60.025,107.673
98,50,30.495,60.025,106.984
98,51,30.505,60.025,106.534
98,52,30.515,60.025,106.414
98,53,30.525,60.025,106.649
98,54,30.535,60.025,107.19
98,55,30.545,60.025,107.928
98,56,30.555,60.025,108.714
98,57,30.565,60.025,109.387
98,58,30.575,60.025,109.81
98,59,30.585,60.025,109.899
98,60,30.595,60.025,109.635
98,61,30.605,60.025,109.071
98,62,30.615,60.025,108.323
98,63,30.625,60.025,107.542
98,64,30.635,60.025,106.886
98,65,30.645,60.025,106.49
98,66,30.655,60.025,106.433
98,67,30.665,60.025,106.727
98,68,30.675,60.025,107.313
98,69,30.685,60.025,108.071
98,70,30.695,60.025,108.848
98,71,30.705,60.025,109.485
98,72,30.715,60.025,109.854
98,73,30.725,60.025,109.88
98,74,30.735,60.025,109.557
98,75,30.745,60.025,108.951
98,76,30.755,60.025,108.185
98,77,30.765,60.025,107.415
98,78,30.775,60.025,106.797
98,79,30.785,60.025,106.456
98,80,30.795,60.025,106.463
98,81,30.805,60.025,106.815
98,82,30.815,60.025,107.441
98,83,30.825,60.025,108.214
98,84,30.835,60.025,108.978
98,85,30.845,60.025,109.576
98,86,30.855,60.025,109.888
98,87,30.865,60.025,109.85
98,88,30.875,60.025,109.47
98,89,30.885,60.025,108.825
98,90,30.895,60.025,108.047
98,91,30.905,60.025,107.292
98,92,30.915,60.025,106.716
98,93,30.925,60.025,106.434
98,94,30.935,60.025,106.504
98,95,30.945,60.025,106.911
98,96,30.955,60.025,107.574
98,97,30.965,60.025,108.357
98,98,30.975,60.025,109.102
98,99,30.985,60.025,109.657
98,100,30.995,60.025,109.91
99,1,30.005,60.015,109.23
99,2,30.015,60.015,109.842
99,3,30.025,60.015,110.174
99,4,30.035,60.015,110.159
99,5,30.045,60.015,109.798
99,6,30.055,60.015,109.167
99,7,30.065,60.015,108.392
99,8,30.075,60.015,107.632
99,9,30.085,60.015,107.04
99,10,30.095,60.015,106.737
99,11,30.105,60.015,106.785
99,12,30.115,60.015,107.174
99,13,30.125,60.015,107.824
99,14,30.135,60.015,108.604
99,15,30.145,60.015,109.356
99,16,30.155,60.015,109.927
99,17,30.165,60.015,110.2
99,18,30.175,60.015,110.121
99,19,30.185,60.015,109.706
99,20,30.195,60.015,109.038
99,21,30.205,60.015,108.254
99,22,30.215,60.015,107.513
99,23,30.225,60.015,106.965
99,24,30.235,60.015,106.722
99,25,30.245,60.015,106.833
99,26,30.255,60.015,107.275
99,27,30.265,60.015,107.96
99,28,30.275,60.015,108.747
99,29,30.285,60.015,109.477
99,30,30.295,60.015,110.002
99,31,30.305,60.015,110.215
99,32,30.315,60.015,110.073
99,33,30.325,60.015,109.605
99,34,30.335,60.015,108.906
99,35,30.345,60.015,108.118
99,36,30.355,60.015,107.401
99,37,30.365,60.015,106.9
99,38,30.375,60.015,106.718
99,39,30.385,60.015,106.891
99,40,30.395,60.015,107.385
99,41,30.405,60.015,108.098
99,42,30.415,60.015,108.887
99,43,30.425,60.015,109.591
99,44,30.435,60.015,110.067
99,45,30.445,60.015,110.218
99,46,30.455,60.015,110.015
99,47,30.465,60.015,109.497
99,48,30.475,60.015,108.771
99,49,30.485,60.015,107.984
99,50,30.495,60.015,107.295
99,51,30.505,60.015,106.845
99,52,30.515,60.015,106.725
99,53,30.525,60.015,106.96
99,54,30.535,60.015,107.501
99,55,30.545,60.015,108.239
99,56,30.555,60.015,109.025
99,57,30.565,60.015,109.698
99,58,30.575,60.015,110.121
99,59,30.585,60.015,110.21
99,60,30.595,60.015,109.946
99,61,30.605,60.015,109.382
99,62,30.615,60.015,108.634
99,63,30.625,60.015,107.853
99,64,30.635,60.015,107.197
99,65,30.645,60.015,106.801
99,66,30.655,60.015,106.744
99,67,30.665,60.015,107.038
99,68,30.675,60.015,107.624
99,69,30.685,60.015,108.382
99,70,30.695,60.015,109.159
99,71,30.705,60.015,109.797
99,72,30.715,60.015,110.166
99,73,30.725,60.015,110.191
99,74,30.735,60.015,109.868
99,75,30.745,60.015,109.262
99,76,30.755,60.015,108.496
99,77,30.765,60.015,107.726
99,78,30.775,60.015,107.108
99,79,30.785,60.015,106.767
99,80,30.795,60.015,106.774
99,81,30.805,60.015,107.126
99,82,30.815,60.015,107.752
99,83,30.825,60.015,108.525
99,84,30.835,60.015,109.289
99,85,30.845,60.015,109.887
99,86,30.855,60.015,110.199
99,87,30.865,60.015,110.161
99,88,30.875,60.015,109.781
99,89,30.885,60.015,109.136
99,90,30.895,60.015,108.358
99,91,30.905,60.015,107.604
99,92,30.915,60.015,107.027
99,93,30.925,60.015,106.745
99,94,30.935,60.015,106.815
99,95,30.945,60.015,107.222
99,96,30.955,60.015,107.885
99,97,30.965,60.015,108.668
99,98,30.975,60.015,109.413
99,99,30.985,60.015,109.968
99,100,30.995,60.015,110.221
100,1,30.005,60.005,109.478
100,2,30.015,60.005,110.091
100,3,30.025,60.005,110.423
100,4,30.035,60.005,110.407
100,5,30.045,60.005,110.047
100,6,30.055,60.005,109.415
100,7,30.065,60.005,108.641
100,8,30.075,60.005,107.88
100,9,30.085,60.005,107.289
100,10,30.095,60.005,106.986
100,11,30.105,60.005,107.034
100,12,30.115,60.005,107.422
100,13,30.125,60.005,108.073
100,14,30.135,60.005,108.853
100,15,30.145,60.005,109.605
100,16,30.155,60.005,110.175
100,17,30.165,60.005,110.449
100,18,30.175,60.005,110.37
100,19,30.185,60.005,109.954
100,20,30.195,60.005,109.287
100,21,30.205,60.005,108.503
100,22,30.215,60.005,107.762
100,23,30.225,60.005,107.214
100,24,30.235,60.005,106.971
100,25,30.245,60.005,107.081
100,26,30.255,60.005,107.524
100,27,30.265,60.005,108.208
100,28,30.275,60.005,108.995
100,29,30.285,60.005,109.725
100,30,30.295,60.005,110.25
100,31,30.305,60.005,110.463
100,32,30.315,60.005,110.322
100,33,30.325,60.005,109.854
100,34,30.335,60.005,109.155
100,35,30.345,60.005,108.366
100,36,30.355,60.005,107.649
100,37,30.365,60.005,107.149
100,38,30.375,60.005,106.967
100,39,30.385,60.005,107.14
100,40,30.395,60.005,107.633
100,41,30.405,60.005,108.347
100,42,30.415,60.005,109.136
100,43,30.425,60.005,109.839
100,44,30.435,60.005,110.315
100,45,30.445,60.005,110.467
100,46,30.455,60.005,110.263
100,47,30.465,60.005,109.746
100,48,30.475,60.005,109.02
100,49,30.485,60.005,108.232
100,50,30.495,60.005,107.544
100,51,30.505,60.005,107.094
100,52,30.515,60.005,106.974
100,53,30.525,60.005,107.208
100,54,30.535,60.005,107.75
100,55,30.545,60.005,108.488
100,56,30.555,60.005,109.273
100,57,30.565,60.005,109.946
100,58,30.575,60.005,110.37
100,59,30.585,60.005,110.459
100,60,30.595,60.005,110.195
100,61,30.605,60.005,109.631
100,62,30.615,60.005,108.883
100,63,30.625,60.005,108.101
100,64,30.635,60.005,107.446
100,65,30.645,60.005,107.049
100,66,30.655,60.005,106.993
100,67,30.665,60.005,107.287
100,68,30.675,60.005,107.872
100,69,30.685,60.005,108.631
100,70,30.695,60.005,109.407
100,71,30.705,60.005,110.045
100,72,30.715,60.005,110.414
100,73,30.725,60.005,110.44
100,74,30.735,60.005,110.117
100,75,30.745,60.005,109.51
100,76,30.755,60.005,108.744
100,77,30.765,60.005,107.974
100,78,30.775,60.005,107.356
100,79,30.785,60.005,107.016
100,80,30.795,60.005,107.022
100,81,30.805,60.005,107.374
100,82,30.815,60.005,108.001
100,83,30.825,60.005,108.774
100,84,30.835,60.005,109.537
100,85,30.845,60.005,110.135
100,86,30.855,60.005,110.447
100,87,30.865,60.005,110.409
100,88,30.875,60.005,110.029
100,89,30.885,60.005,109.385
100,90,30.895,60.005,108.606
100,91,30.905,60.005,107.852
100,92,30.915,60.005,107.275
100,93,30.925,60.005,106.993
100,94,30.935,60.005,107.063
100,95,30.945,60.005,107.471
100,96,30.955,60.005,108.134
100,97,30.965,60.005,108.917
100,98,30.975,60.005,109.662
100,99,30.985,60.005,110.217
100,100,30.995,60.005,110.469
